SMILES,Label,split
BrCC(Br)C1CCC(Br)C(Br)C1,0,train
Brc1c(Br)c(Br)c(Br)c(Br)c1Br,0,train
Cc1c2c(cc3c(C(F)(F)F)cc(Br)nc13)C(C)CC(C)(C)N2,1,train
Cc1nnc2n1-c1sc(Br)cc1C(c1ccccc1Cl)=NC2,1,train
Brc1ccc(C2Nc3ccc4ccccc4c3C3C=CCC32)cc1,1,train
CC1=CC(C)(C)Nc2ccc3c(c21)C(c1ccc(Br)cc1)Oc1ccccc1-3,1,train
O=S(=O)(Nc1ccc(OCc2ccccc2)cc1)c1ccc(Br)cc1,1,train
CC1=CC(C)(C)Nc2ccc3c(c21)C(c1cccc(Br)c1)Oc1ccccc1-3,1,train
Cc1cccc2c(-c3ccc4cccc(Br)c4n3)c[nH]c12,1,train
CC1(C)CCc2cc3c(C(F)(F)F)cc(Br)nc3cc2N1,1,test
CN1c2cc3nc(Br)cc(C(F)(F)F)c3cc2CCC1(C)C,1,test
Brc1ncn(-c2csc(N3CCOCC3)n2)c1Br,1,train
C#CC1(OC(C)=O)CCC2C3CCC4=CC(=O)CCC4C3CCC21C,0,train
C#CC1(OC(C)=O)CCC2C3CCC4=CC(OC(C)=O)CCC4C3CCC21C,0,train
C#CC1(O)CCC2C3CCC4=CCCCC4C3CCC21C,0,train
C#CC1(O)CCC2C3CCc4cc(O)ccc4C3CCC21C,0,train
C#CC1(O)CCC2C3CCc4cc(OC)ccc4C3CCC21C,1,train
C#CC1(O)CCC2C3CCc4cc(OC5CCCC5)ccc4C3CCC21C,1,train
C#CCOC(=O)C(C)Oc1ccc(Oc2ncc(Cl)cc2F)cc1,1,train
C#Cc1ccc(-c2cnn(CC(C)(O)C(=O)Nc3ccc(C#N)c(C(F)(F)F)c3)c2)cc1,1,train
C=C1C=C(C)CC(C)(C)C1Cc1ccc([N+](=O)[O-])cc1,1,train
C=CC(=O)Nc1cc2c(Nc3ccc(F)c(Cl)c3)ncnc2cc1OCCCN1CCOCC1,1,train
C=CC(=O)OCC(COC(=O)C=C)(COC(=O)C=C)COC(=O)C=C,1,train
C=CC(=O)OCC(CO)(COCC(COC(=O)C=C)(COC(=O)C=C)COC(=O)C=C)COC(=O)C=C,0,train
C=CC(=O)OCCOCC(CC)(COCCOC(=O)C=C)COCCOC(=O)C=C,0,train
C=CC(=O)OCCOCCOC(=O)C=C,0,train
C=CC(=O)OCCOCCOCCOCCOC(=O)C=C,0,train
C=CC(C)(C)Nc1ccc2c(C(F)(F)F)cc(=O)[nH]c2c1,1,train
C=CCC1(O)CCC2C3CCC4=CC(=O)CCC4=C3C=CC21C,0,test
C=CCC1(O)CCC2C3CCC4=CCCCC4C3CCC21C,0,train
C=CCC1Oc2cccc(OC)c2-c2ccc3[nH]c(=O)cc(C)c3c21,1,train
C=CCN1c2ccc3[nH]c(=O)cc(C(F)(F)F)c3c2OCC1C,0,train
C=CCN1c2ccc3[nH]c(=O)cc(C(F)(F)F)c3c2OCC1CC,0,train
C=CCN1c2ccc3[nH]c(=O)cc(C(F)(F)F)c3c2OCC1C(C)C,0,train
C=CCNC1=C2CC(C)CC(OC)C(O)C(C)C=C(C)C(OC(N)=O)C(OC)C=CC=C(C)C(=O)NC(=CC1=O)C2=O,1,train
CC#CC1(O)CCC2C3CCC4=CC(=O)CCC4=C3C(c3ccc(C(C)C)cc3)CC21C,0,train
CC#CC1(O)CCC2C3CCC4=CC(=O)CCC4(C)C3C(c3ccc(N(C)C)cc3)CC21C,1,train
CC#CC1(O)CCC2C3CCC4=CC(=O)CCC4(C)C3C(c3ccc(N4CCCC4)cc3)CC21C,1,train
CC#CC1(O)CCC2C3CCC4=CC(=O)CCC4(C)C3C(c3ccc(OC)cc3)CC21C,1,train
CC#CC1(O)CCC2C3CCC4=CC(=O)CCC4(C)C3C(c3ccc(-n4cccc4)cc3)CC21C,1,train
CC(C)=CCC1C(=O)N(c2ccccc2)N(c2ccccc2)C1=O,0,train
CC(=O)C(C)N(CC(F)(F)F)c1ccc2[nH]c(=O)cc(C(F)(F)F)c2c1,0,train
CC(=O)Nc1ccc(NC(=S)NC(=O)c2ccc(C(C)(C)C)cc2)cc1,1,train
CC(=O)OCC(=O)C1(OC(C)=O)C(C)CC2C3CC(F)C4=CC(=O)C=CC4(C)C3(F)C(O)CC21C,0,test
CC(=O)OC1(C(C)=O)CCC2C3C=C(Cl)C4=CC(=O)C5CC5C4(C)C3CCC21C,0,train
CC(=O)OC12COC1CC(O)C1(C)C(=O)C(O)C3=C(C)C(OC(=O)C(O)C(NC(=O)OC(C)(C)C)c4ccccc4)CC(O)(C(OC(=O)c4ccccc4)C21)C3(C)C,1,train
CC(=O)OC1C(=O)C2(C)C(O)CC3OCC3(OC(C)=O)C2C(OC(=O)c2ccccc2)C2(O)CC(OC(=O)C(O)C(NC(=O)c3ccccc3)c3ccccc3)C(C)=C1C2(C)C,1,train
CC(=O)OCC(=O)C1(O)C(OC(C)=O)CC2C3CCC4=CC(=O)C=CC4(C)C3(F)C(O)CC21C,0,test
CC(=O)OC1CCC2(C)C(=CCC3C4CCC(=O)C4(C)CCC32)C1,1,train
CC(=O)OC1CCC2C3CCC4=CC(=O)CCC4=C3C=CC12C,0,test
C=C1CC2C3CCC4=CC(=O)C=CC4(C)C3(F)C(O)CC2(C)C1(O)C(=O)COC(C)=O,0,test
CC(=O)OCC(=O)C1(O)C(C)CC2C3CCC4=CC(=O)C=CC4(C)C3(F)C(O)CC21C,0,test
CC(=O)OCC(=O)C1(O)C(C)CC2C3CC(F)C4=CC(=O)C=CC4(C)C3C(O)CC21C,0,train
CC(=O)OCC(=O)C1(O)CCC2C3CCC4=CC(=O)CCC4(C)C3C(=O)CC21C,0,train
CC(=O)OCC(=O)C1(O)CCC2C3CCC4=CC(=O)C=CC4(C)C3(F)C(O)CC21C,0,test
CC(=O)OCC(=O)C1(O)CCC2C3CCC4=CC(=O)C=CC4(C)C3C(O)CC21C,0,test
CC(=O)OCC(=O)C1(O)CCC2C3CCC4=CC(=O)CCC4(C)C3C(O)CC21C,0,train
CC(=O)OCC(=O)C12N=C(C)OC1CC1C3CCC4=CC(=O)C=CC4(C)C3C(O)CC12C,0,test
CC(=O)OCC(=O)C12OC(C)(C)OC1CC1C3CC(F)C4=CC(=O)C=CC4(C)C3(F)C(O)CC12C,0,test
CC(=O)OCC(=O)C12OC3(CCCC3)OC1CC1C3CCC4=CC(=O)C=CC4(C)C3(F)C(O)CC12C,0,test
CC(=O)Oc1ccc(C2(c3ccc(OC(C)=O)cc3)C(=O)Nc3ccccc32)cc1,1,train
CC(=O)c1c(-c2ccc([N+](=O)[O-])cc2)c(C)n(Cc2ccccc2)c1C,1,train
CC(C)C(NC(=O)c1cc2ccc(F)cc2[nH]1)c1ccco1,1,train
CC(O)C1C(=O)N2C(C(=O)[O-])=C(SC3Cn4cnc[n+]4C3)C(C)C12,0,train
Cc1c(N2C(=O)N3CCC(O)C3C2C(C)C)ccc(C#N)c1Cl,0,train
CC(C)C1CCNc2cc3nc(O)cc(C(F)(F)F)c3cc21,0,test
CC(C)C1CCc2cc3c(C(F)(F)F)cc(O)nc3cc2N1,1,test
CC(C)C1COc2c(ccc3[nH]c(=O)cc(C(F)(F)F)c23)N1C,0,train
CC(C)C1COc2cc3[nH]c(=O)cc(C(F)(F)F)c3cc2N1CC(F)(F)F,0,train
CC(C)C1COc2c(ccc3[nH]c(=O)cc(C(F)(F)F)c23)N1CC(F)(F)F,0,train
CC(C)CC(NC(=O)C(CCc1ccccc1)NC(=O)CN1CCOCC1)C(=O)NC(Cc1ccccc1)C(=O)NC(CC(C)C)C(=O)C1(C)CO1,1,train
CC(C)CC1CCNc2cc3nc(O)cc(C(F)(F)F)c3cc21,0,test
CC(C)CC1COc2cc3[nH]c(=O)cc(C(F)(F)F)c3cc2N1CC(F)(F)F,0,train
CC(C)CC1COc2c(ccc3[nH]c(=O)cc(C(F)(F)F)c23)N1CC(F)(F)F,0,train
CC(C)CCC(=O)OC1CCC2C3CCC4=CC(=O)CCC4(C)C3CCC12C,0,train
CC(C)CCCCCCCOC(=O)c1ccccc1C(=O)OCCCCCCCC(C)C,1,train
CC(C)CCCCCOC(=O)c1ccccc1C(=O)OCCCCCC(C)C,1,train
Cc1cc(=O)[nH]c2ccc(N(CC(C)C)CC(F)(F)F)cc12,0,train
Cc1cc2c(C(F)(F)F)cc(=O)[nH]c2cc1NCC(C)C,1,train
CC(C)CNc1ccc2c(C(F)(F)F)cc(=O)[nH]c2c1,1,train
CC(C)N(CC(F)(F)F)c1ccc2[nH]c(=O)cc(C(F)(F)F)c2c1,0,train
CC(C)NC(=O)c1cccc2nc(-c3c[nH]c4c(F)c(F)c(F)cc34)ccc12,1,train
CC(C)Nc1ccc2c(C(F)(F)F)cc(=O)[nH]c2c1,1,train
Cc1c(C2=NN3CCC(O)C3C2OC(C)C)ccc(C#N)c1Cl,0,train
CC1(C)CCc2cc3c(C(F)(F)F)cc(C(F)(F)F)nc3cc2N1,1,test
CC1(C)CCc2cc3c(C(F)(F)F)cc(N(S(C)(=O)=O)S(C)(=O)=O)nc3cc2N1,1,test
CC1(C)CCc2cc3c(C(F)(F)F)cc(NS(C)(=O)=O)nc3cc2N1,1,test
CC1(C)CCc2cc3c(C(F)(F)F)cc(S(C)(=O)=O)nc3cc2N1,1,test
CC1(C)CCc2cc3c(C(F)(F)F)ccnc3cc2N1,1,test
CC12Cc3nonc3CC1CCC1C2CCC2(C)C1CCC2(C)O,0,train
CC1=CC(C)(C)N(C)c2cc3c(cc21)c(C(F)(F)F)cc(=O)n3C,1,test
CC1=CC(C)(C)Nc2ccc3c(c21)C(=Cc1ccc(F)c(F)c1)Oc1ccccc1-3,1,train
CC1=CC(C)(C)Nc2ccc3c(c21)C(=Cc1ccccc1)Oc1ccccc1-3,1,train
CC1=CC(C)(C)Nc2ccc3c(c21)C(=Cc1ccccc1)Oc1c(F)cccc1-3,1,train
CC1=CC(C)(C)Nc2ccc3c(c21)C(=Cc1ccccc1C)Oc1ccccc1-3,1,train
CC1=CC(C)(C)Nc2ccc3c(c21)C(c1ccc(Cl)c(C)c1)Oc1ccccc1-3,1,train
CC1=CC(C)(C)Nc2ccc3c(c21)C(c1ccc(Cl)c(Cl)c1)Oc1ccccc1-3,1,train
CC1=CC(C)(C)Nc2ccc3c(c21)C(c1ccc(C)c(F)c1)Oc1ccccc1-3,1,train
CC1=CC(C)(C)Nc2ccc3c(c21)C(c1ccc(Cl)c(F)c1)Oc1ccccc1-3,1,train
CC1=CC(C)(C)Nc2ccc3c(c21)C(c1cccc(C(F)(F)F)c1)Oc1ccccc1-3,1,train
CC1=CC(C)(C)Nc2ccc3c(c21)C(c1ccccc1)Oc1ccccc1-3,1,train
CC1=CC(C)(C)Nc2cc3c(cc21)c(C(F)(F)F)cc(=O)n3C,1,test
CC1=CC(C)(C)Nc2c1cc1c(C(F)(F)F)cc(=O)n(C)c1c2C,1,train
C=C1C(=O)OC2C1CCC(C)=CCCC1(C)OC21,1,train
CC1CC(C)(C)Nc2cc3c(cc21)c(C(F)(F)F)cc(=O)n3C,1,test
Cc1c2c(cc3c(C(F)(F)F)cc(=O)n(C)c13)C(C)CC(C)(C)N2,1,train
Cc1c2c(cc3c(C(F)(F)F)ccnc13)C(C)CC(C)(C)N2,1,train
CC1CC(C)C(=O)C(C(O)CC2CC(=O)NC(=O)C2)C1,1,train
CC1CC2C3CCC4N(C)C(=O)C=CC4(C)C3CCC2(C)C1O,0,test
CC1CCC(C)N1c1ccc2[nH]c(=O)cc(C(F)(F)F)c2c1,0,train
CC1CCC2Nc3cc4c(cc3C2C1)c(C(F)(F)F)cc(=O)n4C,1,test
CC1CCC2Nc3cc4nc(O)cc(C(F)(F)F)c4cc3C2C1,0,test
CC1CCC2C(C1)c1cc3c(C(F)(F)F)cc(=O)n(C)c3cc1N2C,1,test
CC1CCCN1c1ccc2[nH]c(=O)cc(C(F)(F)F)c2c1,0,train
CC1CN(CC(F)(F)F)c2cc3c(C(F)(F)F)cc(=O)[nH]c3cc2O1,0,train
CC1CNc2cc3nc(O)cc(C(F)(F)F)c3cc2C1C,0,test
CC1COc2cc3[nH]c(=O)cc(C(F)(F)F)c3cc2N1,0,train
CC1COc2c(ccc3[nH]c(=O)cc(C(F)(F)F)c23)N1,1,train
CC1COc2cc3[nH]c(=O)cc(C(F)(F)F)c3cc2N1CC(F)(F)F,0,train
CC1COc2c(ccc3[nH]c(=O)cc(C(F)(F)F)c23)N1CC(F)(F)F,0,train
CC1COc2cc3[nH]c(=O)cc(C(F)(F)F)c3cc2N1CC1CC1,0,train
CC1Cc2cc3c(C(F)(F)F)cc(=O)n(C)c3cc2N1,0,test
CC=C1CC2C3CCC4N(C)C(=O)C=CC4(C)C3CCC2(C)C1O,0,test
CC=O,1,train
CCC#CC1(O)CCC2C3CCC4=CC(=O)CCC4=C3C(c3ccc(N(C)C)cc3)CC21C,0,test
CCC#CC1(O)CCC2C3CCC4=CC(=O)CCC4(C)C3C(c3ccc(N(C)C)cc3)CC21C,1,train
CCC(=O)N1CC2(C)OC(C)(C1)C1C(=O)N(c3ccc(C#N)c(C(F)(F)F)c3)C(=O)C12,1,test
CCC(=O)NC(CC(C)C(Cl)(Cl)Cl)C(=O)N1C(=O)C=C(OC)C1CC(C)C(Cl)Cl,1,train
CCC(=O)OC1(C(=O)CCl)C(C)CC2C3CC(F)C4=CC(=O)C=CC4(C)C3(F)C(O)CC21C,0,train
CCC(=O)OCC(=O)C1(OC(=O)CC)C(C)CC2C3CCC4=CC(=O)C=CC4(C)C3(Cl)C(O)CC21C,0,test
CCC(=O)OCC(=O)C1(OC(=O)CC)C(C)CC2C3CCC4=CC(=O)C=CC4(C)C3(F)C(O)CC21C,0,test
CCC(=O)OCC(=O)C1(OC(=O)CC)C(C)CC2C3C(Cl)CC4=CC(=O)C=CC4(C)C3C(O)CC21C,0,train
CCC(=O)OC1CCC2C3CCC4=CC(=O)CCC4(C)C3CCC12C,0,train
CCC(=O)Oc1ccc2c(c1)CCC1C2CCC2(C)C(OC(=O)CC)CCC12,0,train
CCC(C)(C)C#CC1(O)CCC2C3CCC4=CC(=O)CCC4C3C(c3ccc(N(C)C)cc3)CC21C,1,test
CCC(C)(NC(=O)c1cc(Cl)c(C)c(Cl)c1)C(=O)CCl,1,train
CCC(C)C(=O)OC1CC(C)C=C2C=CC(C)C(CCC3CC(O)CC(=O)O3)C21,1,train
CCC(C)C1OC2(C=CC1C)CC1CC(CC=C(C)C(OC3CC(OC)C(OC4CC(OC)C(NC(C)=O)C(C)O4)C(C)O3)C(C)C=CC=C3COC4C(O)C(C)=CC(C(=O)O1)C34O)O2,1,train
CCC(C)N(CC(F)(F)F)c1ccc2[nH]c(=O)cc(C(F)(F)F)c2c1,0,train
CCC(C)(C)Nc1ccc2c(C(F)(F)F)cc(=O)[nH]c2c1,1,train
CCC(CC)(c1ccc(NCCC(C)(C)O)c(C)c1)c1ccc(NCCC(C)(C)O)c(C)c1,1,train
CCC(CC)(c1ccc(N)c(C)c1)c1ccc(O)c(C)c1,1,train
CCC(CC)(c1ccc(O)c(C)c1)c1ccc(O)c(C)c1,1,train
CCC(CC)(c1ccc(NCCC(C)(C)O)c(C)c1)c1ccc(OCC(=O)C(C)(C)C)c(C)c1,1,train
CCC1(C)CCc2cc3c(C(F)(F)F)cc(=O)n(C)c3cc2N1,1,test
CCC1(C)CCc2cc3c(C(F)(F)F)cc(O)nc3cc2N1,1,test
CCC1(C)CCc2cc3c(C(F)(F)F)cc(=O)n(C)c3cc2N1C,1,test
CCC1(CC)CCNc2cc3nc(O)cc(C(F)(F)F)c3cc21,1,test
CCC1(CC)CCc2cc3c(C(F)(F)F)cc(O)nc3cc2N1,1,test
CCC1(O)C(=O)OCc2c1cc1n(c2=O)Cc2cc3c([N+](=O)[O-])cccc3nc2-1,1,train
CCC1(O)CCC2C3CCC4=CCCCC4C3CCC21C,0,train
C#CC1(O)CCC2C3CCC4=CCCCC4C3C(=C)CC21CC,0,train
CCC1c2cc3c(C(F)(F)F)cc(=O)oc3cc2NCC1C,0,test
CCC1CC(C)(C)Nc2cc3nc(O)cc(C(F)(F)F)c3cc21,1,test
CCC1CC(C)Nc2cc3nc(O)cc(C(F)(F)F)c3cc21,0,test
CCC1CC(C)c2cc3c(C(F)(F)F)cc(=O)oc3cc2N1,0,train
CCC1CC(CC)c2cc3c(C(F)(F)F)cc(O)nc3cc2N1,0,test
CCC1CC(CC)c2cc3c(C(F)(F)F)cc(=O)oc3cc2N1,0,test
CCC1CCC(NCc2cc3c(cc2OC)C2CC2C(=O)N3C)C(c2ccccc2)N1,1,train
CCC1CCN(C)c2cc3c(cc21)c(C(F)(F)F)cc(=O)n3C,1,train
CCC1CCN(C)c2cc3nc(O)cc(C(F)(F)F)c3cc21,0,train
CCC1CCN(C=O)c2cc3nc(O)cc(C(F)(F)F)c3cc21,0,train
CCC1CCN(C)c2cc3oc(=O)cc(C(F)(F)F)c3cc21,0,train
CCC1CCNc2cc3[nH]c(=O)cc(C(F)(F)F)c3cc21,0,train
CCC1CCNc2cc3c(cc21)c(C(F)(F)F)cc(=O)n3C,1,test
CCC1CCNc2cc3oc(=O)cc(C(F)(F)F)c3cc21,0,test
CCC1CCc2cc3c(C(F)(F)F)cc(=O)[nH]c3cc2N1,1,train
CCC1CCc2cc3c(C(F)(F)F)cc(=O)oc3cc2N1,0,train
CCC1CCc2cc3c(C(F)(F)F)cc(O)nc3cc2N1,1,test
CCC1CN(CC(F)(F)F)c2cc3c(C(F)(F)F)cc(=O)[nH]c3cc2O1,0,train
CCC1CN(CC)c2cc3c(C(F)(F)F)cc(=O)[nH]c3cc2O1,0,train
CCC1CN2CCc3cc(OC)c(OC)cc3C2CC1CC1NCCc2cc(OC)c(OC)cc21,1,train
CCC1COc2c(ccc3[nH]c(=O)cc(C(F)(F)F)c23)N1,1,train
CCC1COc2c(ccc3[nH]c(=O)cc(C(F)(F)F)c23)N1CC(C)C,0,train
CCC1COc2cc3[nH]c(=O)cc(C(F)(F)F)c3cc2N1CC(F)(F)F,0,train
CCC1COc2c(ccc3[nH]c(=O)cc(C(F)(F)F)c23)N1CC(F)(F)F,0,train
CCC1COc2c(ccc3[nH]c(=O)cc(C(F)(F)F)c23)N1CC(C)(C)O,0,train
CCC1COc2cc3[nH]c(=O)cc(C(F)(F)F)c3cc2N1CC,0,train
CCC1COc2c(ccc3[nH]c(=O)cc(C(F)(F)F)c23)N1CC,0,train
CCC1COc2cc3[nH]c(=O)cc(C(F)(F)F)c3cc2N1CC1CC1,0,train
CCC1Cc2cc3c(C(F)(F)F)cc(O)nc3cc2NC1(C)C,1,test
CCC1Cc2cc3c(C(F)(F)F)cc(O)nc3cc2NC1C,0,test
CCC1Nc2cc3nc(O)cc(C(F)(F)F)c3cc2CC1(C)C,1,test
CCC1Nc2cc3nc(O)cc(C(F)(F)F)c3cc2CC1(CC)CC,1,test
CCC1Cc2cc3c(C(F)(F)F)cc(O)nc3cc2NC1CC,0,test
CCC1Nc2cc3oc(=O)cc(C(F)(F)F)c3cc2CC1C,0,train
CCCC(=O)OC1(C(=O)COC(=O)CC)C(C)CC2C3CCC4=CC(=O)C=CC4(C)C3(F)C(O)CC21C,0,test
CCCC(=O)OC1(C(=O)COC(C)=O)CCC2C3CC(F)C4=CC(=O)C=CC4(C)C3(F)C(O)CC21C,0,test
CCCC(=O)OC1(C(=O)CO)CCC2C3CCC4=CC(=O)CCC4(C)C3C(O)CC21C,0,train
CCCC(=O)OC1(C(=O)COC(=O)CC)CCC2C3CCC4=CC(=O)CCC4(C)C3C(O)CC21C,0,train
CCCC(=O)OCC(OC(=O)CCC)C(OC(=O)CCC)C(Cn1c2nc(=O)[nH]c(=O)c-2nc2cc(C)c(C)cc21)OC(=O)CCC,0,train
CCCC1(C)CCc2cc3c(C(F)(F)F)cc(O)nc3cc2N1,1,test
CCCC1CCNc2cc3nc(O)cc(C(F)(F)F)c3cc21,0,test
CCCC1CCNc2cc3oc(=O)cc(C(F)(F)F)c3cc21,0,test
CCCC1CCc2cc3c(C(F)(F)F)cc(O)nc3cc2N1,1,test
CCCC1COc2c(ccc3[nH]c(=O)cc(C(F)(F)F)c23)N1,1,train
CCCC1Cc2cc3c(C(F)(F)F)cc(O)nc3cc2NC1CC,0,test
CCCC1OC2CC3C4CCC5=CC(=O)C=CC5(C)C4C(O)CC3(C)C2(C(=O)CO)O1,0,train
CCCCC(=O)OC1(C(=O)CO)C(C)CC2C3CCC4=CC(=O)C=CC4(C)C3(F)C(O)CC21C,0,test
CCCCC(=O)OC1(C(=O)CO)CCC2C3CCC4=CC(=O)CCC4(C)C3C(O)CC21C,0,train
CCCCC(=O)OCC(=O)C1C(C)CC2C3CC(F)C4=CC(=O)C=CC4(C)C3(F)C(O)CC21C,0,train
CCCCC(CC)COC(=O)c1ccc(C(=O)OCC(CC)CCCC)c(C(=O)OCC(CC)CCCC)c1,1,train
CCCCC(CC)COP(=O)(OCC(CC)CCCC)OCC(CC)CCCC,0,train
CCCCC1(O)CCC2C3CCC4=CC(=O)CCC4=C3C(c3ccc(N(C)C)cc3)CC21C,0,train
CCCCCC(=O)OC1(C(C)=O)CCC2C3CCC4=CC(=O)CCC4(C)C3CCC21C,1,train
CCCCCC(O)C=CC1C(O)CC(=O)C1CC=CCCCC(=O)O,1,train
CCCCCC(O)C=CC1C(O)CC(=O)C1CCCCCCC(=O)O,1,train
CCCCCC1CC2(C)C(O)CCC2C2CCC3=CC(=O)CCC3=C12,1,test
CCCCCC=CCC=CCCCCCCCC(=O)OC,0,train
CCCCCCC,0,train
CCCCCCC(=O)OC1CCC2C3CCC4CC(=O)C=C(C)C4(C)C3CCC12C,0,train
CCCCCCCCC1CC2(C)C(O)CCC2C2CCC3=CC(=O)CCC3=C12,1,test
CCCCCCCCC=CCCCCCCCCOCCO,1,train
CCCCCCCCCC(=O)OC1CCC2C3CCC4=CC(=O)CCC4C3CCC12C,0,train
CCCCCCCCCC(=O)OC1CCC2C3CCC4=CC(=O)CCC4(C)C3CCC12C,0,train
CCCCCCCCCCC(=O)O,1,train
CCCCCCCCCCC1CC2(C)C(O)CCC2C2CCC3=CC(=O)CCC3=C12,1,test
CCCCCCCCCCCCCCCCCCOCC(O)CO,0,train
CCCCCCCCCCCCCOP(=O)(O)O,1,train
CCCCCCCCCCCCOC(=O)c1cc(O)c(O)c(O)c1,1,train
CCCCCCCCCCCOC(=O)c1ccccc1C(=O)OCCCCCCCCCCC,1,train
CCCCCCCCCOC(=O)c1ccccc1C(=O)OCCCCCCCCC,1,train
CCCCCCCCCc1ccc(OCCOCCO)cc1,1,train
CCCCCCCCOC(=O)c1cc(O)c(O)c(O)c1,1,train
CCCCCCNC(=O)CCCCCCCC1CC2CC(=O)CCC2(C)C2CCC3(C)C(O)CCC3C12,1,train
CCCCN(C)C(=O)CCCCCCCC1CC2CC(=O)CCC2(C)C2CCC3(C)C(O)CCC3C12,1,train
CCCCN(C)C(=O)CCCCCCCCC1CC2CC(=O)CCC2(C)C2CCC3(C)C(O)CCC3C12,1,train
CCCCN(C)C(=O)CCCCCCCCCC1CC2CC(=O)CCC2(C)C2CCC3(C)C(O)CCC3C12,1,train
CCCCN(C)C(=O)CCCCCCCCCCC1CC2CC(=O)CCC2(C)C2CCC3(C)C(O)CCC3C12,1,train
CCCCN(C)C(=O)CCCCCCCCCCCC1CC2CC(=O)CCC2(C)C2CCC3(C)C(O)CCC3C12,1,train
CCCCN(CCCC)C(=O)c1cc(N(Cc2ccccc2)c2ccc([N+](=O)[O-])cc2)cn1C,1,train
CCCCN(CC(F)(F)F)c1ccc2[nH]c(=O)cc(C(F)(F)F)c2c1,0,train
CCCCNC(=O)CCCCCCCC1CC2CC(=O)CCC2(C)C2CCC3(C)C(O)CCC3C12,1,train
CCCCNc1ccc2c(C(F)(F)F)cc(=O)[nH]c2c1,1,train
CCCCOC(=O)c1ccccc1C(=O)OCC(CC)CCCC,1,train
CCCCS(=O)(=O)Nc1ccc(OCc2ccccc2)cc1,1,train
CCCCSc1ccc(C#N)c(C(F)(F)F)c1,1,train
CCCCSc1ccc(C#N)c(OC)c1,1,train
CCCCSc1cc(C(F)(F)F)c2cc3c(cc2n1)NC(C)(C)CC3,1,test
CCCC[S+]([O-])c1cc(C(F)(F)F)c2cc3c(cc2n1)NC(C)(C)CC3,1,test
CCCCc1ccc(C(=O)N2CC3CC2C2C(=O)N(c4ccc([N+](=O)[O-])cc4)C(=O)N32)cc1,1,train
CCCCc1ccc(OC(=O)N2CC3CC2C2C(=O)N(c4ccc([N+](=O)[O-])c5ccccc45)C(=O)N32)cc1,1,train
CCCN(C)C(=O)CCCCCCCC1CC2CC(=O)CCC2(C)C2CCC3(C)C(O)CCC3C12,1,train
CCCN(CC(F)(F)F)c1cc(Br)c(C#N)s1,0,train
CCCN(CC(F)(F)F)c1ccc2c(C(F)(F)F)cc(=O)[nH]c2c1,1,train
CCCN(CC(F)(F)F)c1ccc2[nH]c(=O)cc(C(F)(F)F)c2c1,0,train
CCCN(CCC)c1ccc2[nH]c(=O)cc(C(F)(F)F)c2c1,0,train
CCCN1c2ccc3[nH]c(=O)cc(C(F)(F)F)c3c2OCC1C,0,train
CCCN1c2ccc3[nH]c(=O)cc(C(F)(F)F)c3c2OCC1CC,0,train
CCCN1CC2(C)OC(C)(C1)C1C(=O)N(c3ccc(C#N)c(C(F)(F)F)c3)C(=O)C12,1,test
CCCN1CCOc2cc3[nH]c(=O)cc(C(F)(F)F)c3cc21,0,train
CCCNC(=O)CCCCCCCC1CC2CC(=O)CCC2(C)C2CCC3(C)C(O)CCC3C12,1,train
CCCNc1cc2[nH]c(=O)cc(C(F)(F)F)c2cc1C,1,train
CCCNc1ccc2c(C(F)(F)F)cc(=O)[nH]c2c1,1,train
CCCOC(=O)N1CC2(C)OC(C)(C1)C1C(=O)N(c3ccc(C#N)c(C(F)(F)F)c3)C(=O)C12,1,test
CCCOCC1COc2cc3[nH]c(=O)cc(C(F)(F)F)c3cc2N1CC(F)(F)F,0,train
CCCOc1ccc2nc(NC(=O)OC)sc2c1,1,train
CCCSc1ccc(C#N)c(C(F)(F)F)c1,1,train
CCCc1cc(=O)[nH]c2ccc(N(CC(F)(F)F)CC(F)(F)F)cc12,1,train
CCCc1ccccc1Oc1ccc(C#N)c(C(F)(F)F)c1,1,train
CCN(CC)C(=O)CCCCCCC1CC2CC(=O)CCC2(C)C2CCC3(C)C(O)CCC3C12,1,train
CCN(C)C(=O)CCCCCCCC1CC2CC(=O)CCC2(C)C2CCC3(C)C(O)CCC3C12,1,train
CCN(CC)C(=O)CCCCCCCC1CC2CC(=O)CCC2(C)C2CCC3(C)C(O)CCC3C12,1,train
CCN(CC)C(=O)c1cc(N(Cc2ccccc2)c2ccc([N+](=O)[O-])cc2)cn1C,1,train
CCN(CC)c1ccc(C2CC3(C)C(CCC3(O)C#CC(C)(C)C)C3CCC4=CC(=O)CCC4C23)cc1,1,test
CCN(CC)c1ccc(C=C2C(=O)ON=C2C)cc1,1,train
CCN(CC)c1ccc2c(C(F)(F)F)cc(=O)[nH]c2c1,1,train
CCN(CC(F)(F)F)c1ccc2c(C(F)(F)F)cc(=O)[nH]c2c1,1,train
CCN(c1ccc2nc(O)cc(C(F)(F)F)c2c1)C(C)C,0,train
CCN(CC)c1ccc2nc(O)cc(C(F)(F)F)c2c1,0,test
CCN(CC(F)(F)F)c1ccc2nc(O)cc(C(F)(F)F)c2c1,0,train
CCN(CC)c1ccc2c(C)cc(=O)oc2c1,1,train
CCN1c2cc3c(C(F)(F)F)cc(=O)[nH]c3cc2OCC1C,0,train
CCN1c2ccc3[nH]c(=O)cc(C(F)(F)F)c3c2OCC1C,0,train
CCN1c2ccc3[nH]c(=O)cc(C(F)(F)F)c3c2OCC1C(C)C,0,train
CCN1CCOc2cc3[nH]c(=O)cc(C(F)(F)F)c3cc21,0,train
CCNC(=O)CCCCCCCC1CC2CC(=O)CCC2(C)C2CCC3(C)C(O)CCC3C12,1,train
CCNC(=O)N1CC2(C)OC(C)(C1)C1C(=O)N(c3ccc(C#N)c(C(F)(F)F)c3)C(=O)C12,1,test
CCNC1CC(C)S(=O)(=O)c2sc(S(N)(=O)=O)cc21,1,train
CCNc1ccc2c(C(F)(F)F)cc(=O)[nH]c2c1,1,train
CCOC(=O)C1Nc2ccc3ccccc3c2C2C=CCC12,1,train
CCOC(=O)CN(CC(F)(F)F)c1ccc2[nH]c(=O)cc(C(F)(F)F)c2c1,0,train
CCOC(=O)N1CC2(C)OC(C)(C1)C1C(=O)N(c3ccc(C#N)c(C(F)(F)F)c3)C(=O)C12,1,test
CCOC(=O)Nc1cc2c(cc1F)CC1C(=O)N(c3cnc(C#N)c(C(F)(F)F)c3)C(=S)N1C2,1,train
CCOC(=O)c1c(C)[nH]c(C)c1-c1ccc([N+](=O)[O-])cc1,1,train
CCOC(=O)c1c(-c2ccc([N+](=O)[O-])cc2)c(C)n(C)c1C,1,train
CCOC(=O)c1c(-c2ccc([N+](=O)[O-])cc2)c(C)n(C(=O)c2ccccc2)c1C,1,train
CCOC(=O)c1c(-c2ccc([N+](=O)[O-])cc2)c(C)n(CC2CCCCC2)c1C,1,train
CCOC(=O)c1c(-c2ccc([N+](=O)[O-])cc2)c(C)n(Cc2ccccc2)c1C,1,train
CCOC(=O)c1cc(N(Cc2ccccc2)c2ccc([N+](=O)[O-])cc2)cn1C,1,train
CCOC(=O)c1ccc(NC(=O)c2cccc(S(=O)(=O)N3CCCc4ccccc43)c2)s1,1,train
CCOC(=O)c1cn(CC(C)(O)C(=O)Nc2ccc(C#N)c(C(F)(F)F)c2)c2ccccc12,1,train
CCOCC1COc2cc3[nH]c(=O)cc(C(F)(F)F)c3cc2N1CC(F)(F)F,0,train
CCOc1ccc(N=Nc2ccc(N)cc2N)cc1,0,train
CCOc1ccc2oc(=O)c3c(ccc4[nH]c(=O)cc(C)c43)c2c1OC,0,train
CCOc1ccccc1Oc1ccc(C#N)c(C(F)(F)F)c1,1,train
CCS(=O)(=O)Nc1ccc(OCc2ccccc2)cc1,1,train
CCS(=O)(=O)Nc1cccc(-c2cc(=O)n(-c3ccc(Cl)c(Cl)c3)nc2C)c1,1,train
CCSc1ccccc1Oc1ccc(C#N)c(C(F)(F)F)c1,1,train
CCc1cc(=O)[nH]c2ccc(N(CC(F)(F)F)CC(F)(F)F)cc12,0,train
CCc1cc2c(C(F)(F)F)cc(=O)[nH]c2cc1NC,1,train
CCc1cc2c(C(F)(F)F)cc(=O)[nH]c2cc1NCC(F)(F)F,1,train
CCc1ccc(NC(=O)c2cc3cccc(O)c3oc2=N)cc1,1,train
CCc1cccc(NC(=O)c2cc3cccc(O)c3oc2=N)c1,1,train
CCc1ccccc1NC(=O)c1cc2cccc(O)c2oc1=N,1,train
CCc1ccccc1Oc1ccc(C#N)c(C(F)(F)F)c1,1,train
CCc1nc(N)nc(N)c1-c1ccc(Cl)cc1,0,train
CCc1nn(C)c(C(=O)NCc2ccc(C(C)(C)C)cc2)c1Cl,1,train
CCn1c(=O)cc(C(F)(F)F)c2cc3c(cc21)NC(C)(C)C=C3C,1,train
CCn1c(=O)cc(C(F)(F)F)c2cc3c(cc21)NC1CCCCC31,1,test
CN(C)C(=S)SC(=S)N(C)C,1,train
Cc1c(C)n(CCN(C)C)c2ccc(C(=O)OCCN(C)C)cc12,1,train
CN(C)c1ccc(N=Nc2ccccc2)cc1,0,train
CN(C)c1ccc(-c2cc(=O)c3c(O)cccc3o2)cc1,1,train
CN(C)c1ccc2c(C(F)(F)F)cc(=O)[nH]c2c1,1,train
CN(CC(F)(F)F)c1ccc2[nH]c(=O)cc(C(F)(F)F)c2c1,0,train
Cc1cc(C=Cc2ccc3cc(N(C)C)ccc3[n+]2C)c(C)n1-c1ccccc1,1,train
CN1C(=O)CN=C(c2ccccc2)c2cc([N+](=O)[O-])ccc21,0,train
CN1CCN(c2ccc(C3CC4(C)C(CCC4(O)C#CC(C)(C)C)C4CCC5=CC(=O)CCC5C34)cc2)CC1,1,test
CN1CCc2cc3c(C(F)(F)F)cc(=O)n(C)c3cc21,1,test
CN1CSC(=S)N(C)C1,1,train
CN1c2cc3c(cc2CCC1(C)C)c(C(F)(F)F)cc(=O)n3C,1,test
CC1N(C)c2cc3c(cc2C1(C)C)c(C(F)(F)F)cc(=O)n3C,1,test
CN1c2cc3c(cc2C2(C)CCCCC12)c(C(F)(F)F)cc(=O)n3C,1,test
CN1c2cc3c(cc2C2CCCC(C)(C)C21)c(C(F)(F)F)cc(=O)n3C,1,test
CN1c2cc3c(cc2C2CCCCC21)c(C(F)(F)F)cc(=O)n3C,1,test
CN1c2cc3nccc(C(F)(F)F)c3cc2CCC1(C)C,1,train
CNC(=O)C12C(=O)N(c3ccc(C#N)c(C(F)(F)F)c3)C(=O)C1C1CC(F)C2C1,1,test
CNC(=O)CCCCCCCC1CC2CC(=O)CCC2(C)C2CCC3(C)C(O)CCC3C12,1,train
CNC(=O)Cn1ccc(C(=O)NC2C(C)(C)C(Oc3ccc(C#N)c(Cl)c3)C2(C)C)n1,1,train
CNC(=O)c1cc2c(cc1F)CC1(C2)C(=O)N(c2ccc(C#N)c(C(F)(F)F)c2)C(=S)N1C(C)C,1,train
CNC(=O)c1cc2c(cc1F)CC1(C2)C(=O)N(c2cnc(C#N)c(C(F)(F)F)c2)C(=S)N1C(C)C,1,train
CNC(=O)c1cc2c(cc1F)CC1(C2)C(=O)N(c2ccc(C#N)c(C(F)(F)F)c2)C(=S)N1C,1,test
CNC(=O)c1cc2c(cc1F)CC1(C2)C(=O)N(c2cnc(C#N)c(C(F)(F)F)c2)C(=S)N1C,1,train
CNC(=O)c1cc2c(cc1F)CC1(C2)C(=O)N(c2cnc(C#N)c(C(F)(F)F)c2)C(=S)N1C1CC1,1,train
CNC(=O)c1cc2c(cc1F)CC1(C2)C(=O)N(c2cnc(C#N)c(C(F)(F)F)c2)C(=S)N1C1CCC1,1,train
CNC(=O)c1cc2c(cc1F)CC1(C2)C(=O)N(c2cnc(C#N)c(C(F)(F)F)c2)C(=S)N1C1CCCC1,1,train
CNC(=O)c1cc2c(cc1F)CC1(C2)C(=O)N(c2cnc(C#N)c(C(F)(F)F)c2)C(=S)N1C1CCCCC1,1,train
CNC(=O)c1cc2c(cc1F)CC1(C2)C(=O)N(c2ccc(C#N)c(C(F)(F)F)c2)C(=S)N1CC(C)C,1,train
CNC(=O)c1cc2c(cc1F)CC1(C2)C(=O)N(c2cnc(C#N)c(C(F)(F)F)c2)C(=S)N1CC(C)C,1,train
CNC(=O)c1ccc(C2(O)CCN(c3ccc(C#N)c(Cl)c3)C2C)cc1,1,train
CNC(=O)c1ccc(N2C(=S)N(c3cnc(C#N)c(C(F)(F)F)c3)C(=O)C23CCC3)cc1F,1,train
CNC(=O)c1ccc(-c2ccc3c(c2)C(C)(C)C(=O)N3c2ccc(C#N)c(C(F)(F)F)c2)cc1F,1,test
CNC(=O)c1ccc(-c2ccc3c(c2)C(C)(C)C(=O)N3c2ccc(C#N)c(OC)c2)cc1F,1,train
CNC(=O)c1ccc(C2(O)CCN(c3ccc(C#N)c(Cl)c3)C2C)cn1,1,train
CNC(=O)c1ccc(C2(O)CCN(c3ccc(C#N)c(F)c3)C2C)cn1,1,train
CNC(=O)c1ccc(C2(O)CCN(c3ccc(C#N)c(OC)c3)C2C)cn1,1,train
CNC(=O)c1ccc(C2(O)CCN(c3ccc(C#N)cc3)C2C)cn1,1,train
CNC(=O)c1ccc(C2(O)CCN(c3ccc(C#N)c(Cl)c3)C2C)nc1,1,train
CNC(=O)c1ccc(C2=NN(c3ccc(C#N)c(C)n3)C(C3CCCC3)C2)nc1OC,1,train
CNC(=O)c1ccc2c(c1)CC1(C2)C(=O)N(c2ccc(C#N)c(C(F)(F)F)c2)C(=S)N1C,1,test
CNC(=O)c1ccc2c(c1)CC1(C2)C(=O)N(c2cnc(C#N)c(C(F)(F)F)c2)C(=S)N1C,1,train
CNC(=O)c1cccc2nc(-c3c[nH]c4c(F)c(F)c(F)cc34)ccc12,1,train
CNC(=O)c1cccc2nc(-c3c[nH]c4c(C)cccc34)ccc12,1,train
CNC1CCc2cc(OC)c(OC)c(OC)c2-c2ccc(OC)c(=O)cc21,1,train
CNc1ccc2c(C(F)(F)F)cc(=O)[nH]c2c1,1,train
CNc1ncc(C=C2CC3C4CCC5N(C)C(=O)C=CC5(C)C4CCC3(C)C2O)cn1,0,test
COC(=O)C1(C)C(C)CC2C3CCC4=CC(=O)C=CC4(C)C3C(O)CC21C,0,train
COC(=O)CC(O)(CCCC(C)(C)O)C(=O)OC1C(OC)=CC23CCCN2CCc2cc4c(cc2C13)OCO4,1,train
COC(=O)CN1CC(C)(C)C(Oc2ccc(C#N)c(C(F)(F)F)c2)C1=O,1,test
COC(=O)Nc1ccc(-c2cnn(CC(C)(O)C(=O)Nc3ccc(C#N)c(C(F)(F)F)c3)c2)cc1,1,train
COC(=O)c1c(-c2ccc(C#N)c(C(F)(F)F)c2)c(C)n(Cc2ccccc2)c1C,1,train
COC(=O)c1c(-c2ccc(C#N)cc2)c(C)n(Cc2ccccc2)c1C,1,train
COC(=O)c1c(-c2ccc([N+](=O)[O-])cc2)c(C)n(Cc2ccccc2)c1C,1,train
COC(=O)c1c(-c2ccccc2)c(C)n(Cc2ccccc2)c1C,1,train
COC(=O)c1ccc(N(Cc2ccccc2)c2cc(C(=O)N3CCCC3)n(C)c2)cc1,1,train
COC(=O)c1ccc(OCC(C)(O)C(=O)N2CCc3c(C#N)cccc32)cc1,0,train
COC(=O)c1ccc(C2C(=S)N(c3ccc(C#N)c(C(F)(F)F)c3)C(=O)C23CCOC3)cc1F,1,test
COC(COC(N)=O)C1=C(N2CC2)C(=O)C(C)=C(N2CC2)C1=O,1,train
COC(C(=O)C(O)C(C)O)C1Cc2cc3cc(OC4CC(OC5CC(O)C(OC)C(C)O5)C(OC(=O)O)C(C)O4)c(C)c(O)c3c(O)c2C(=O)C1OC1CC(OC2CC(OC3CC(C)(O)C(OC(C)=O)C(C)O3)C(O)C(C)O2)C(O)C(C)O1,1,train
COC(C(=O)C(O)C(C)O)C1Cc2cc3cc(OC4CC(OC5CC(O)C(O)C(C)O5)C(O)C(C)O4)c(C)c(O)c3c(O)c2C(=O)C1OC1CC(OC2CC(OC3CC(C)(O)C(O)C(C)O3)C(O)C(C)O2)C(O)C(C)O1,1,train
COC1=CC(=O)N(C(=O)C(CCC(Cl)(Cl)Cl)NC(=O)C(C)(C)C)C1CCC(Cl)(Cl)Cl,1,train
COC1=CC(=O)N(C(=O)C(CCC(Cl)(Cl)Cl)NC(=O)C(C)(C)C)C1CCC(Cl)Cl,1,train
COC1C(O)CC(OC2C(O)CC(OC3C(O)CC(OC4CCC5(C)C(CCC6C5CC(O)C5(C)C(C7=CC(=O)OC7)CCC65O)C4)OC3C)OC2C)OC1C,1,train
COC1C(c2ccc(C#N)c(Cl)c2C)=NN2CC(=O)CC12,0,train
COC1C(c2ccc(C#N)c(Cl)c2C)=NN2CC(F)(F)CC12,0,train
COC1C(c2ccc(C#N)c(Cl)c2C)=NN2CC(F)CC12,0,train
COC1C(c2ccc(C#N)c(Cl)c2C)=NN2CC(O)CC12,0,train
CCC(C)C1OC2(C=CC1C)CC1CC(CC=C(C)C(OC3CC(OC)C(OC4CC(OC)C(O)C(C)O4)C(C)O3)C(C)C=CC=C3COC4C(O)C(C)=CC(C(=O)O1)C34O)O2,1,train
COC=C(C(=O)OC)c1ccccc1Oc1cc(Oc2ccccc2C#N)ncn1,1,train
COCC(C)OC(C)=O,0,train
COCC1CC2C3CCC4N(C)C(=O)C=CC4(C)C3CCC2(C)C1O,0,test
CC#CC1(O)CCC2C3CCC4=CC(=O)CCC4(C)C3C(c3ccc(N(C)CCOC)cc3)CC21C,1,train
COCCn1ccc(C(=O)NC2C(C)(C)C(Oc3ccc(C#N)c(Cl)c3)C2(C)C)n1,1,train
CON1CC2(C)OC(C)(C1)C1C(=O)N(c3ccc(C#N)c(C(F)(F)F)c3)C(=O)C12,1,test
CON=C(C(=O)OC)c1ccccc1CON=C(C)c1cccc(C(F)(F)F)c1,1,train
CON=C(C1=NOCCO1)c1ccccc1Oc1ncnc(Oc2ccccc2Cl)c1F,1,train
COc1c(O)ccc2oc(=O)c3c(ccc4[nH]c(=O)cc(C)c43)c12,0,train
COc1cc2c(c(OC)c1OC)-c1ccc(OC)c(=O)cc1C(NC(C)=O)CC2,1,train
COc1c(C(=O)OC(F)(F)F)ccc2oc(=O)c3c(ccc4[nH]c(=O)cc(C)c43)c12,0,train
COc1cc(C#N)ccc1Oc1ccccc1C,1,train
COc1cc(C)ccc1Oc1ccc(C#N)c(C(F)(F)F)c1,1,train
COc1cc(C=CC(=O)OC2CCC34CC35CCC3(C)C(C(C)CCC=C(C)C)CCC3(C)C5CCC4C2(C)C)ccc1O,0,train
COc1cc(Cl)ccc1OCC(C)(O)C(=O)N1CCc2c(C#N)cccc21,0,train
COc1cc(SCC2CC2)ccc1C#N,1,train
COc1cc(C2c3cc4c(cc3C(O)C3COC(=O)C23)OCO4)cc(OC)c1O,1,train
COc1cc(C2c3cc4c(cc3C(OC3OC5COC(c6cccs6)OC5C(O)C3O)C3COC(=O)C23)OCO4)cc(OC)c1O,1,train
COc1cc(C2c3cc4c(cc3C(O)C3COC(=O)C23)OCO4)cc(OC)c1OC,1,train
COc1cc(N2C(=O)C(C)(C)N(CCCS(N)(=O)=O)C2=S)ccc1C#N,1,train
COc1cc(N2C(=O)C(C)(C)c3cc(-c4cccnc4OC)ccc32)ccc1C#N,1,train
COc1cc(Oc2ccc(C)cc2)ccc1C#N,1,train
COc1cc(Oc2cccc(C)c2)ccc1C#N,1,train
COc1cc(Oc2ccccc2C)ccc1C#N,1,train
COc1cc(SC(C)C)ccc1C#N,1,train
COc1cc(Sc2c(C)cc(C)cc2C)ccc1C#N,1,train
COc1cc(Sc2c(C)cccc2C)ccc1C#N,1,train
COc1cc(Sc2ccccc2OC)ccc1C#N,1,train
COc1cc(-c2ccccc2O)ccc1C#N,1,train
COc1cc(C(=O)NC2CCN(C)CC2)ccc1Nc1ncc2c(n1)N(C1CCCC1)CC(F)(F)C(=O)N2C,1,train
COc1cc(C=C2CCCC(=Cc3ccc(O)c(OC)c3)C2=O)ccc1O,1,train
COc1cc(N2C(=O)C3C(C2=O)C2(C)CCC3(C)O2)ccc1-c1cnco1,1,test
COc1cc2c(cc1O)CCNC21CSC2c3c(OC(C)=O)c(C)c4c(c3C(COC1=O)N1C(O)C3Cc5cc(C)c(OC)c(O)c5C(C21)N3C)OCO4,1,train
COc1ccc(OCC(C)(O)C(=O)N2CCc3c(C#N)cccc32)c(Cl)c1,0,train
COc1ccc(OCC(C)(O)C(=O)N2CCc3c(C#N)cccc32)c(F)c1,0,train
COc1ccc(CNc2cc(C(F)(F)F)c3cc4c(cc3n2)NC(C)(C)CC4)cc1,1,test
COc1ccc(N=[N+]([O-])c2ccc(OC)cc2)cc1,0,train
COc1ccc(NC(=O)Cc2ccn(-c3ccc(C#N)c(C(F)(F)F)c3)n2)cc1,1,train
COc1ccc(OCC(C)(O)C(=O)N2CCc3c(C#N)cccc32)cc1,0,train
COc1ccc(C)cc1Oc1ccc(C#N)c(C(F)(F)F)c1,1,train
COc1ccc2c(c1)c(C)c(CCC(=O)NS(C)(=O)=O)n2C(=O)c1ccc(Cl)cc1,0,train
COc1ccc2c(c1)c(C)c(CCC(=O)O)n2C(=O)c1ccc(Cl)cc1,0,train
COc1ccc2c(c1)c(CC(=O)NS(=O)(=O)C(F)(F)F)cn2C(=O)c1ccc(Cl)cc1,0,train
COc1ccc2oc(=O)c3c(ccc4[nH]c(=O)cc(C)c43)c2c1,1,train
COc1ccc2nc(NC(=O)Nc3ccccc3)sc2c1,0,train
COc1cccc(C(=O)Nc2cc(C)c(Oc3ccc(O)cc3)c(C)c2)c1,1,train
COc1cccc(C(=O)Nc2ccc(Oc3ccc(O)cc3)c(C)c2)c1,1,train
COc1cccc(C(=O)Nc2ccc(Oc3ccc(O)cc3)cc2)c1,1,train
COc1cccc(F)c1Oc1ccc(C#N)c(C(F)(F)F)c1,1,train
COc1cccc2c1C(=O)c1c(O)c3c(c(O)c1C2=O)CC(O)(C(C)=O)CC3OC1CC(N)C(O)C(C)O1,0,train
COc1cccc2oc(-c3ccc(F)cc3)cc(=O)c12,1,train
COc1cccc2oc(-c3ccccc3)cc(=O)c12,1,train
COc1cccc2c1-c1ccc3[nH]c(=O)cc(C)c3c1C(C)O2,1,train
COc1cccc2c1-c1ccc3[nH]c(=O)cc(C)c3c1C(O)O2,0,train
COc1cccc2c1-c1ccc3[nH]c(=O)cc(C)c3c1CO2,0,train
COc1cccc2c1-c1ccc3[nH]c(=O)cc(C(F)(F)F)c3c1CO2,0,train
COc1cccc2c1-c1ccc3[nH]c(=O)cc(C(F)(F)F)c3c1OC2,1,train
COc1cccc2oc(=O)c3c(ccc4[nH]c(=O)cc(C)c43)c12,0,train
COc1cccc2c(=O)oc3c(ccc4[nH]c(=O)cc(C(F)(F)F)c43)c12,0,train
COc1ccccc1C(=O)C=Cc1ccccc1[N+](=O)[O-],1,train
COc1ccccc1Oc1ccc(C#N)c(C(F)(F)F)c1,1,train
COc1ccccc1Sc1ccc(C#N)c(C(F)(F)F)c1,1,train
COc1cncc(C2=CCC3C4CC=C5CC(NC(=O)c6ccnnc6)CCC5(C)C4CCC23C)c1,1,train
COc1nc(C2=NN(c3ccc(C#N)c(C)n3)C(C3CCCC3)C2)ccc1C(=O)NS(C)(=O)=O,1,train
COc1ncc(C=C2CC3C4CCC5N(C)C(=O)C=CC5(C)C4CCC3(C)C2O)cn1,0,test
CS(=O)(=O)Nc1ccc(OCc2ccccc2)cc1,1,train
CSC1=NC(C)(c2ccccc2)C(=O)N1Nc1ccccc1,1,train
CSCCC1COc2cc3[nH]c(=O)cc(C(F)(F)F)c3cc2N1CC(F)(F)F,0,train
CSc1cc(N2C(=O)C3C(C2=O)C2(C)CCC3(C)O2)ccc1C#N,1,test
CSc1ccc(CN2CC(C)(C)C(Oc3ccc(C#N)c(C(F)(F)F)c3)C2=O)cc1,1,train
CSc1ccc(-c2cc(=O)c3c(O)cccc3o2)cc1,1,train
CSc1ccccc1Oc1ccc(C#N)c(C(F)(F)F)c1,1,train
CSc1cc(C(F)(F)F)c2cc3c(cc2n1)NC(C)(C)CC3,1,test
Cc1c(C2=NN3CCC(O)C3C2O)ccc(C#N)c1Cl,0,train
COC1CCN2N=C(c3ccc(C#N)c(Cl)c3C)C(OC)C12,0,train
COC1C(c2ccc(C#N)c(Cl)c2C)=NN2CCC(F)C12,0,train
COC1C(c2ccc(C#N)c(Cl)c2C)=NN2CCC(O)C12,0,train
CCOC1C(c2ccc(C#N)c(Cl)c2C)=NN2CCC(O)C12,0,train
COCCOC1C(c2ccc(C#N)c(Cl)c2C)=NN2CCC(O)C12,0,train
Cc1c(N2C(=O)N3CCC(O)C3C2C)ccc(C#N)c1Cl,0,train
CCC1C2C(O)CCN2C(=O)N1c1ccc(C#N)c(Cl)c1C,0,train
Cc1c(N2CC3C(O)CCN3C2=O)ccc(C#N)c1Cl,0,train
CC1=CC(C)(C)Nc2ccc3c(c21)C(c1cc(C)cc(Br)c1)Oc1ccccc1-3,1,train
Cc1cc(C)c2[nH]cc(-c3ccc4ccccc4n3)c2c1,1,train
Cc1cc(C)cc(N(c2cc(C(=O)N3CCCC3)n(C)c2)C(C)C)c1,1,train
Cc1cc(C)cc(N(Cc2ccc(O)cc2)c2cc(C(=O)N3CCCC3)n(C)c2)c1,1,train
Cc1cc(Cl)c2[nH]cc(-c3ccc4ccccc4n3)c2c1,1,train
CC1=CC(C)(C)Nc2ccc3c(c21)C(c1ccc(C)cc1)Oc1ccccc1-3,1,train
Cc1ccc(CN(c2ccc([N+](=O)[O-])cc2)c2cc(C(=O)N3CCCC3)n(C)c2)cc1,1,train
Cc1ccc(NC(=O)c2cc3cccc(O)c3oc2=N)cc1,1,train
Cc1ccc2c(-c3ccc4ccccc4n3)c[nH]c2c1F,1,train
Cc1ccc2c(Cl)cc(Cl)c(O)c2n1,0,train
Cc1ccc2cc3c(ccc4ccccc43)c3c2c1CC3,1,train
Cc1cccc(N=Nc2ccc(N(C)C)cc2)c1,0,train
Cc1cccc(C)c1Cc1n[nH]c(=O)c2ccccc12,1,train
Cc1cccc2c(-c3ccc4ccccc4n3)c[nH]c12,1,train
Cc1cccc2c(-c3ccc4c(C(F)(F)F)cccc4n3)c[nH]c12,1,train
Cc1cccc2c1cc1ccc3cccc4ccc2c1c34,0,train
Cc1cccc2ccc(-c3c[nH]c4c(C)cccc34)nc12,1,train
Cc1cncc(C2=CCC3C4CC=C5CC(NC(=O)c6ccnnc6)CCC5(C)C4CCC23C)c1,1,train
Cc1cn(C2=CCC3C4CC=C5CC(NC(=O)c6cccnc6)CCC5(C)C4CCC23C)cn1,1,train
Cc1cn(C2=CCC3C4CC=C5CC(NC(=O)c6ccncc6)CCC5(C)C4CCC23C)cn1,1,train
Cc1cn(C2=CCC3C4CC=C5CC(NC(=O)c6ccnnc6)CCC5(C)C4CCC23C)cn1,1,train
O=C1C2CC=CCC2C(=O)N1SC(Cl)(Cl)C(Cl)Cl,1,train
Oc1ccc(C(c2ccc(O)cc2)C(Cl)(Cl)Cl)cc1,1,train
O=C1OC(O)C(C(Cl)Cl)=C1Cl,0,train
O=c1cc(C(F)(F)F)c2cc(N(CC(Cl)Cl)CC(F)(F)F)ccc2[nH]1,0,train
O=S1(=O)CC(Cl)(Cl)C(Cl)(Cl)C1,1,train
O=C(CCl)C(Cl)Cl,0,train
CC1(C)OC2CC3C4CCC5=CC(=O)CCC5(C)C4(F)C(O)CC3(C)C2(C(=O)CCl)O1,0,train
CC(C)N(C(=O)CCl)c1ccccc1,1,train
CC(Cn1cc(N)cn1)(OC(=O)CCl)C(=O)Nc1ccc(C#N)c(C(F)(F)F)c1,1,train
CC(CCl)N(CC(F)(F)F)c1ccc2[nH]c(=O)cc(C(F)(F)F)c2c1,0,train
CC(=O)OCC(COc1ccc(C(C)(C)c2ccc(OCC(CCl)OC(C)=O)cc2)cc1)OC(C)=O,1,train
CC1CCC(CCl)N1c1ccc2[nH]c(=O)cc(C(F)(F)F)c2c1,0,train
CC12CCC3c4ccc(OC(=O)N(CCCl)CCCl)cc4CCC3C1CCC2OP(=O)(O)O,0,train
O=c1cc(C(F)(F)F)c2cc(N(CCCl)CC(F)(F)F)ccc2[nH]1,0,train
CCOC(=O)OC1(C(=O)OCCl)CCC2C3CCC4=CC(=O)C=CC4(C)C3C(O)CC21C,0,train
Oc1c(Cl)cc(Cl)c(Cl)c1Cc1c(O)c(Cl)cc(Cl)c1Cl,1,train
Clc1cc(Cl)c2[nH]cc(-c3ccc4ccccc4n3)c2c1,1,train
Fc1cc(Cl)cc2c(-c3ccc4ccccc4n3)c[nH]c12,1,train
Cc1c2c(cc3c(C(F)(F)F)cc(Cl)nc13)C(C)CC(C)(C)N2,1,train
CC1=CC(C)(C)Nc2ccc3c(c21)C(c1cc(Cl)cc(Cl)c1)Oc1ccccc1-3,1,train
O=S(=O)(Nc1ccc(OCc2ccccc2)cc1)c1cc(Cl)ccc1Cl,1,train
O=c1[nH]nc(Cc2c(Cl)ccc(Cl)c2Cl)c2ccccc12,1,train
Clc1ccc(C2Nc3ccc4ccccc4c3C3C4CCC(C4)C23)cc1,1,train
Clc1ccc(C2Nc3ccc4ccccc4c3C3C=CCC32)cc1,1,train
CC1=CC(C)(C)Nc2ccc3c(c21)C(c1ccc(Cl)cc1)Oc1ccccc1-3,1,train
O=S(=O)(Nc1ccc(OCc2ccccc2)cc1)c1ccc(Cl)cc1,1,train
O=c1cc(-c2ccc(Cl)cc2)oc2cccc(F)c12,1,train
O=c1cc(-c2ccc(Cl)cc2)oc2cccc(O)c12,1,train
Cc1nnc2n1-c1ccc(Cl)cc1C(c1ccccc1)=NC2,1,train
Cc1cccc2c(-c3ccc4ccc(Cl)cc4n3)c[nH]c12,1,train
CC1=CC(C)(C)Nc2ccc3c(c21)C(c1cccc(Cl)c1)Oc1ccccc1-3,1,train
O=c1[nH]nc(Cc2c(Cl)cccc2Cl)c2ccccc12,1,train
Clc1cccc2c(-c3ccc4ccccc4n3)c[nH]c12,1,train
Cc1cccc2c(-c3ccc4cccc(Cl)c4n3)c[nH]c12,1,train
Clc1ccccc1C1Nc2ccc3ccccc3c2C2C=CCC21,1,train
Oc1nnc(Cc2ccccc2Cl)c2ccccc12,1,train
N=c1oc2c(O)cccc2cc1C(=O)Nc1ccccc1Cl,1,train
CC1=CC(C)(C)Nc2cc3nc(Cl)cc(C(F)(F)F)c3cc21,1,train
CC1(C)CCc2cc3c(C(F)(F)F)cc(Cl)nc3cc2N1,1,test
CC1=CC(C)(C)N(C)c2cc3nc(Cl)cc(C(F)(F)F)c3cc21,1,train
CN1c2cc3nc(Cl)cc(C(F)(F)F)c3cc2CCC1(C)C,1,test
Cn1c(=O)cc(C(F)(F)F)c2cc3c(cc21)NC(C)(C)CC3,1,test
Cn1c(=O)cc(C(F)(F)F)c2cc3c(cc21)NC1CCCCC31,0,test
Cn1c(=O)cc(C(F)(F)F)c2cc3c(cc21)N1CCCC1(C)CC3,1,train
Cn1cc(N(Cc2ccccc2)c2ccc([N+](=O)[O-])c(C(F)(F)F)c2)cc1C(=O)N1CCCC1,1,train
CC(=O)c1ccc(N(Cc2ccccc2)c2cc(C(=O)N3CCCC3)n(C)c2)cc1,1,train
Cn1cc(N(Cc2ccccc2)c2ccc(C(F)(F)F)cc2)cc1C(=O)N1CCCC1,1,train
Cn1cc(N(CC2CCCCC2)c2ccc([N+](=O)[O-])cc2)cc1C(=O)N1CCCC1,1,train
Cn1cc(N(Cc2ccccc2)c2ccc([N+](=O)[O-])cc2)cc1C(=O)N1CCCC1,1,train
Cn1cc(N(Cc2ccccc2)c2ccc([N+](=O)[O-])cc2)cc1C(=O)N1CCCCC1,1,train
Cn1cc(N(Cc2ccccc2)c2ccc([N+](=O)[O-])cc2)cc1C(=O)N1CCc2ccccc21,1,train
O=c1cc(C(F)(F)F)c2cc3c(cc2[nH]1)OCC(C(F)F)N3CC(F)(F)F,0,train
O=c1cc(C(F)(F)F)c2cc(N(CC(F)F)CC(F)(F)Cl)ccc2[nH]1,0,train
O=c1cc(C(F)(F)F)c2cc(N(CC(F)F)CC(F)(F)F)ccc2[nH]1,0,train
O=c1cc(C(F)(F)F)c2cc(N(CC(F)F)CC(F)F)ccc2[nH]1,0,train
O=C(NCC(F)F)c1cccc2nc(-c3c[nH]c4c(F)c(F)c(F)cc34)ccc12,1,train
CC1(C)CCc2cc3c(C(F)(F)F)cc(SCC(F)(F)F)nc3cc2N1,1,test
O=c1cc(C(F)F)c2cc(N(CC(F)(F)F)CC(F)(F)F)ccc2[nH]1,0,train
O=S(=O)(Nc1ccc(OCc2ccccc2)cc1)c1ccc(C(F)(F)F)cc1,1,train
CCC(=O)OC1(C(=O)SCF)C(C)CC2C3CC(F)C4=CC(=O)C=CC4(C)C3(F)C(O)CC21C,0,train
Cc1cc(F)cc2c(-c3ccc4ccccc4n3)c[nH]c12,1,train
CN1C(=O)C=CC2(C)C3CCC4(C)C(O)C(=Cc5cc(F)cc(F)c5)CC4C3CCC12,0,test
Fc1cc(Cl)c2[nH]cc(-c3ccc4ccccc4n3)c2c1,1,train
Fc1cc(F)c2[nH]cc(-c3ccc4ccccc4n3)c2c1,1,train
Cc1c2c(cc3c(C(F)(F)F)cc(F)nc13)C(C)CC(C)(C)N2,1,train
Fc1cc2c(-c3ccc4ccccc4n3)c[nH]c2c(F)c1F,1,train
CC(C)(C)NC(=O)c1cccc2nc(-c3c[nH]c4c(F)c(F)c(F)cc34)ccc12,1,train
O=C(NC1CC1)c1cccc2nc(-c3c[nH]c4c(F)c(F)c(F)cc34)ccc12,1,train
O=C(NCC1CC1)c1cccc2nc(-c3c[nH]c4c(F)c(F)c(F)cc34)ccc12,1,train
Fc1cc2c(-c3ccc4c(C(F)(F)F)cccc4n3)c[nH]c2c(F)c1F,1,train
Fc1cc2c(-c3ccc4c(-c5nccs5)cccc4n3)c[nH]c2c(F)c1F,1,train
Fc1cc2c(-c3ccc4c(-c5cncs5)cccc4n3)c[nH]c2c(F)c1F,1,train
CC1=CC(C)(C)Nc2ccc3c(c21)C(=Cc1cc(F)ccc1F)Oc1ccccc1-3,1,train
Cc1cn(C2=CCC3C4CC=C5CC(NC(=O)c6ccc(F)cc6F)CCC5(C)C4CCC23C)cn1,1,train
O=C(CCCN1CCC2(CC1)C(=O)NCN2c1ccccc1)c1ccc(F)cc1,1,train
Cc1cn(C2=CCC3C4CC=C5CC(NC(=O)c6ccc(F)cc6)CCC5(C)C4CCC23C)cn1,1,train
CC(c1ccc(F)cc1)N1C(=O)OC(Cc2ccccc2)(c2nc3cc(Cl)ccc3[nH]2)C1=O,1,train
CC(c1ccc(F)cc1)N1C(=O)OC(Cc2ccccc2)(c2nc3cc(C(F)(F)F)ccc3[nH]2)C1=O,1,train
CC(c1ccc(F)cc1)N1C(=O)OC(Cc2ccccc2)(c2nc3cc(N4CCOCC4)ccc3[nH]2)C1=O,1,train
CC(c1ccc(F)cc1)N1C(=O)OC(Cc2ccccc2)(c2nc3cc(-c4cccnc4)ccc3[nH]2)C1=O,1,train
Cc1nocc1-c1ccc2[nH]c(C3(Cc4ccccc4)OC(=O)N(C(C)c4ccc(F)cc4)C3=O)nc2c1,1,train
CC(c1ccc(F)cc1)N1C(=O)OC(Cc2ccccc2)(c2nc3cc(-c4cc[nH]n4)ccc3[nH]2)C1=O,1,train
Cc1ccc(Cl)cc1N1CCN(C(=O)C2CC2c2ccc(F)cc2)CC1,1,train
Cn1cc(N(Cc2ccc(F)cc2)c2ccc([N+](=O)[O-])cc2)cc1C(=O)N1CCCC1,1,train
N=c1oc2c(O)cccc2cc1C(=O)Nc1ccc(F)cc1,1,train
O=C1C2C3CC(CN3C(=O)Oc3ccc(F)cc3)N2C(=O)N1c1ccc([N+](=O)[O-])c2ccccc12,1,train
O=S(=O)(Nc1ccc(OCc2ccccc2)cc1)c1ccc(F)cc1,1,train
O=c1cc(-c2ccc(F)cc2)oc2cccc(F)c12,1,train
O=c1cc(-c2ccc(F)cc2)oc2cccc(O)c12,1,train
Cc1cc(C(O)(C(F)(F)F)C(F)(F)F)cc2c1[nH]c(=O)c1cc(F)ccc12,1,train
Cc1cc(C(O)(C(F)(F)F)C(F)(F)F)cc2c3ccc(F)cc3c(=O)n(C)c12,1,train
CC1=CC(C)(C)Nc2ccc3c(c21)C(=Cc1ccccc1)Oc1ccc(F)cc1-3,1,train
CC1=CC(C)(C)Nc2ccc3c(c21)C(=Cc1ccccc1C)Oc1ccc(F)cc1-3,1,train
CC1=CC(C)(C)Nc2ccc3c(c21)C(=Cc1ccccc1N(C)C)Oc1ccc(F)cc1-3,1,train
CC1=CC(C)(C)Nc2ccc3c(c21)C(=Cc1ccco1)Oc1ccc(F)cc1-3,1,train
CC1=CC(C)(C)Nc2ccc3c(c21)C(=Cc1ccsc1)Oc1ccc(F)cc1-3,1,train
CC1=CC(C)(C)Nc2ccc3c(c21)C(=Cc1ncccc1C)Oc1ccc(F)cc1-3,1,train
Cc1cccc2c(-c3ccc4ccc(F)cc4n3)c[nH]c12,1,train
Cc1c(F)ccc2c(-c3ccc4ccccc4n3)c[nH]c12,1,train
Fc1ccc2c(-c3ccc4ccccc4n3)c[nH]c2c1Cl,1,train
Fc1ccc2c(-c3ccc4ccccc4n3)c[nH]c2c1F,1,train
Cc1ccc(C(=O)CC(Nc2ccc([N+](=O)[O-])cc2)c2cccc(F)c2)cc1,1,train
CN1C(=O)C=CC2(C)C3CCC4(C)C(O)C(=Cc5cccc(F)c5)CC4C3CCC12,0,test
CC1=CC(C)(C)Nc2ccc3c(c21)C(=Cc1cccc(F)c1)Oc1ccccc1-3,1,train
CN1C(=O)C=CC2(C)C3CCC4(C)C(O)C(Cc5cccc(F)c5)CC4C3CCC12,0,test
N=c1oc2c(O)cccc2cc1C(=O)Nc1cccc(F)c1,1,train
O=c1cc(-c2ccccc2)oc2cccc(F)c12,1,train
Cc1cccc2c(-c3ccc4cccc(F)c4n3)c[nH]c12,1,train
Fc1ccccc1C1Nc2ccc3ccccc3c2C2C=CCC21,1,train
N=c1oc2c(O)cccc2cc1C(=O)Nc1ccccc1F,1,train
O=C(O)c1cccc(-c2noc(-c3ccccc3F)n2)c1,0,train
CC(O)(Cn1cc(F)cn1)C(=O)Nc1ccnc(Cl)c1,1,train
CC1=CC(C)(C)Nc2cc3nc(F)cc(C(F)(F)F)c3cc21,1,train
CC1(C)CCc2cc3c(C(F)(F)F)cc(F)nc3cc2N1,1,test
CN1c2cc3nc(F)cc(C(F)(F)F)c3cc2CCC1(C)C,1,test
CC1CC(=O)NN=C1c1ccc(NN=C(C#N)C#N)cc1,1,train
CC1(C)C(C=C(Cl)C(F)(F)F)C1C(=O)OC(C#N)c1cccc(Oc2ccccc2)c1,1,train
CC12CCC3C(CCC45OC4C(O)=C(C#N)CC35C)C1CCC2O,0,train
N#Cc1ccc(OC2CCCCC2C#N)cc1C(F)(F)F,1,train
N#CCC1COc2cc3[nH]c(=O)cc(C(F)(F)F)c3cc2N1CC(F)(F)F,0,train
CC1(C)CN(CCC#N)C(=O)C1Oc1ccc(C#N)c(C(F)(F)F)c1,1,test
CC1(C)CN(CCC#N)C(=O)C1Oc1ccc(C#N)c(Cl)c1,1,train
CC1(C)C(NC(=O)c2ccn(CCC#N)n2)C(C)(C)C1Oc1ccc(C#N)c(Cl)c1,1,train
Cc1c(C#N)c(-c2ccc(C#N)cc2)c(C)n1Cc1ccc(Cl)nc1,1,train
Cc1c(C#N)c(-c2ccc(C#N)cc2)c(C)n1Cc1ccccc1,1,train
Cc1c(C#N)c(-c2ccc(C#N)cc2)c(C)n1Cc1cccnc1,1,train
Cc1c(C#N)c(-c2ccc(C#N)cc2)c(C)n1Cc1cnc(Cl)c(CO)c1,1,train
Cc1c(C#N)c(-c2ccc(C#N)cc2)c(C)n1Cc1cncc(CO)c1,1,train
Cc1c(C#N)c(-c2ccc(C#N)cc2)cn1Cc1cnc(Cl)c(CO)c1,1,train
N#Cc1c(Cl)c(Cl)c(Cl)c(C#N)c1Cl,1,train
N#Cc1c2ccccc2cc2ccccc12,0,train
N#Cc1cc(Br)c(O)c(Br)c1,0,train
CC1(C)OC(=O)Nc2ccc(-c3cc(F)cc(C#N)c3)cc21,1,train
CC(O)(COc1ccc(F)cc1C#N)C(=O)N1CCc2c(C#N)cccc21,0,train
CC(O)(Cn1cc(F)cn1)C(=O)Nc1cc(C(F)(F)F)c(C#N)cc1I,1,train
CC(=O)NC1C(C)(C)C(Oc2ccc(C#N)c(C#N)c2)C1(C)C,1,train
N#Cc1cc(NC(=O)Cc2ccn(-c3ccc(C#N)c(C(F)(F)F)c3)n2)ccc1F,1,train
Cc1nc(-c2ccc(OCC(C)C)c(C#N)c2)sc1C(=O)O,0,train
N#Cc1ccc(-c2ccc(O)cc2F)[nH]1,0,train
CC(O)(COc1ccc(C#N)cc1Br)C(=O)N1CCc2c(C#N)cccc21,0,train
CC(=O)NC1C(C)(C)C(Oc2ccc(C#N)cc2Cl)C1(C)C,1,train
Cc1ccccc1Oc1ccc(C#N)cc1Cl,1,train
Cc1ccccc1Sc1ccc(C#N)cc1Cl,1,train
CC(O)(COc1ccc(C#N)cc1F)C(=O)N1CCc2c(C#N)cccc21,0,train
COc1cc(C#N)ccc1OCC(C)(O)C(=O)N1CCc2c(C#N)cccc21,0,train
Cc1c(N2C(=O)C(C)(C)N(CCCS(N)(=O)=O)C2=S)ccc(C#N)c1C(F)(F)F,1,train
CC1=C(c2ccc(C#N)c(Cl)c2C)C(=O)N2CCC(O)C12,0,train
Cc1c(N2C(=O)C3C(O)CCN3C2=O)ccc(C#N)c1Cl,0,train
Cc1c(N2C3CCC2CC(C)(O)C3)ccc(C#N)c1Cl,1,train
Cc1c(N2CC3C(O)CCC3C2=O)ccc(C#N)c1Cl,0,train
Cc1c(N2CCC(C)(O)C2C)ccc(C#N)c1Cl,0,train
Cc1c(NC2CCCC2(C)O)ccc(C#N)c1Cl,0,train
Cc1c(NC2CCCCC2(C)O)ccc(C#N)c1Cl,0,train
Cc1c(NC2COCC2(C)O)ccc(C#N)c1Cl,0,train
N#Cc1ccc(N2C(=O)C3C(O)CCN3C2=O)c2ccccc12,0,train
N#Cc1ccc(N2C3CCC2CC(O)C3)c2ccccc12,0,test
CC1C(O)CCN1c1ccc(C#N)c2ccccc12,0,train
CC12CCC(C)(O1)C1C(=O)N(c3ccc(C#N)c4nsnc34)C(=O)C12,1,test
CC12CCC(C)(O1)C1C(=O)N(c3ccc(C#N)n4nccc34)C(=O)C12,1,test
N#Cc1ccc(C(=O)NCc2ccn(-c3ccc(C#N)c(C(F)(F)F)c3)n2)cc1,1,train
Cn1cc(N(Cc2ccccc2)c2ccc(C#N)cc2)cc1C(=O)N1CCCC1,1,train
N#Cc1ccc(NC(=O)Cc2ccn(-c3ccc(C#N)c(C(F)(F)F)c3)n2)cc1,1,train
CC(O)(COc1ccc(C#N)cc1)C(=O)N1CCc2c(C#N)cccc21,0,train
CC(O)(COc1ccc(C#N)cc1)C(=O)Nc1ccc(C#N)c(C(F)(F)F)c1,1,train
N#Cc1ccc(S(=O)(=O)Nc2ccc(OCc3ccccc3)cc2)cc1,1,train
N#Cc1ccc(-c2cc(=O)c3c(F)cccc3o2)cc1,1,train
N#Cc1ccc(-c2cc(=O)c3c(O)cccc3o2)cc1,1,train
N#Cc1ccc(C2CCCCC2O)cc1C(F)(F)F,1,train
CC(C)N1C(=O)C2(C)OC(C)(C1=O)C1C(=O)N(c3ccc(C#N)c(C(F)(F)F)c3)C(=O)C12,1,test
CN1C(=O)C2(C)OC(C)(C1=O)C1C(=O)N(c3ccc(C#N)c(C(F)(F)F)c3)C(=O)C12,1,test
CC12OC(C)(C(=O)N(CC3CC3)C1=O)C1C(=O)N(c3ccc(C#N)c(C(F)(F)F)c3)C(=O)C12,1,test
CC(C)[N+]1([O-])C(=O)C2(C)OC(C)(C1=O)C1C(=O)N(c3ccc(C#N)c(C(F)(F)F)c3)C(=O)C12,1,test
CC12CCC(C)(O1)C1C(=O)N(c3ccc(C#N)c(C(F)(F)F)c3)C(=O)C12,1,test
CCS(=O)(=O)NC1CC2(C)OC1(C)C1C(=O)N(c3ccc(C#N)c(C(F)(F)F)c3)C(=O)C12,1,test
CC(C)C(=O)N1CC2(C)OC(C)(C1)C1C(=O)N(c3ccc(C#N)c(C(F)(F)F)c3)C(=O)C12,1,test
CC12CN(C(=O)C3CC3)CC(C)(O1)C1C(=O)N(c3ccc(C#N)c(C(F)(F)F)c3)C(=O)C12,1,test
CC(C)NC(=O)N1CC2(C)OC(C)(C1)C1C(=O)N(c3ccc(C#N)c(C(F)(F)F)c3)C(=O)C12,1,test
CC12CN(C(=O)Nc3ccc(F)cc3)CC(C)(O1)C1C(=O)N(c3ccc(C#N)c(C(F)(F)F)c3)C(=O)C12,1,test
CC12CN(C(=O)Nc3ccccc3)CC(C)(O1)C1C(=O)N(c3ccc(C#N)c(C(F)(F)F)c3)C(=O)C12,1,test
CC(C)OC(=O)N1CC2(C)OC(C)(C1)C1C(=O)N(c3ccc(C#N)c(C(F)(F)F)c3)C(=O)C12,1,test
CC12CN(C(=O)c3ccccc3)CC(C)(O1)C1C(=O)N(c3ccc(C#N)c(C(F)(F)F)c3)C(=O)C12,1,test
CC(C)N1CC2(C)OC(C)(C1)C1C(=O)N(c3ccc(C#N)c(C(F)(F)F)c3)C(=O)C12,1,test
CC12CN(O)CC(C)(O1)C1C(=O)N(c3ccc(C#N)c(C(F)(F)F)c3)C(=O)C12,1,test
CC12CN(S(C)(=O)=O)CC(C)(O1)C1C(=O)N(c3ccc(C#N)c(C(F)(F)F)c3)C(=O)C12,1,test
CCS(=O)(=O)N1CC2(C)OC(C)(C1)C1C(=O)N(c3ccc(C#N)c(C(F)(F)F)c3)C(=O)C12,1,test
CC12CN(S(=O)(=O)c3ccc(F)cc3)CC(C)(O1)C1C(=O)N(c3ccc(C#N)c(C(F)(F)F)c3)C(=O)C12,1,test
CC12CN(S(=O)(=O)c3ccccc3)CC(C)(O1)C1C(=O)N(c3ccc(C#N)c(C(F)(F)F)c3)C(=O)C12,1,test
CC12CN(S(=O)(=O)c3ccccn3)CC(C)(O1)C1C(=O)N(c3ccc(C#N)c(C(F)(F)F)c3)C(=O)C12,1,test
CC12CN(c3cccc(C(N)=O)c3)CC(C)(O1)C1C(=O)N(c3ccc(C#N)c(C(F)(F)F)c3)C(=O)C12,1,test
CC12CN(c3cccc(S(C)(=O)=O)c3)CC(C)(O1)C1C(=O)N(c3ccc(C#N)c(C(F)(F)F)c3)C(=O)C12,1,test
CC12CN(c3cccc(S(N)(=O)=O)c3)CC(C)(O1)C1C(=O)N(c3ccc(C#N)c(C(F)(F)F)c3)C(=O)C12,1,test
CC12CN(c3ncccn3)CC(C)(O1)C1C(=O)N(c3ccc(C#N)c(C(F)(F)F)c3)C(=O)C12,1,test
CC12CN(c3cc(Cl)ncn3)CC(C)(O1)C1C(=O)N(c3ccc(C#N)c(C(F)(F)F)c3)C(=O)C12,1,test
CC12CNCC(C)(O1)C1C(=O)N(c3ccc(C#N)c(C(F)(F)F)c3)C(=O)C12,1,test
N#Cc1ccc(N2C(=O)C3C4CCC(O4)C3C2=O)cc1C(F)(F)F,1,test
CC(C)(C)OC(=O)N1CC2CC1C1C(=O)N(c3ccc(C#N)c(C(F)(F)F)c3)C(=O)N21,1,test
N#Cc1ccc(N2C(=O)C3C4CC(CN4C(=O)Oc4ccc(F)cc4)N3C2=O)cc1C(F)(F)F,1,test
N#Cc1ccc(N2C(=O)C3CCc4cc(Br)ccc4N3C2=S)cc1C(F)(F)F,1,test
Cc1noc(C)c1-c1ccc2c(c1)CCC1C(=O)N(c3ccc(C#N)c(C(F)(F)F)c3)C(=S)N21,1,test
N#Cc1ccc(N2C(=O)C3CCc4cc(-c5ccc(C(F)(F)F)nc5)ccc4N3C2=S)cc1C(F)(F)F,1,train
N#Cc1ccc(N2C(=O)C3CCc4cc(-c5ccccc5)ccc4N3C2=S)cc1C(F)(F)F,1,test
N#Cc1ccc(N2C(=O)C3CCc4cc(-c5cccnc5)ccc4N3C2=S)cc1C(F)(F)F,1,train
N#Cc1ccc(N2C(=O)C3CCc4cc(-c5ccn(C6CC6)n5)ccc4N3C2=S)cc1C(F)(F)F,1,train
N#Cc1ccc(N2C(=O)C3CCc4cc(-c5cnc(Cl)nc5)ccc4N3C2=S)cc1C(F)(F)F,1,test
N#Cc1ccc(N2C(=O)C3CCc4cc(-c5cnc6ccccc6c5)ccc4N3C2=S)cc1C(F)(F)F,1,train
N#Cc1ccc(N2C(=O)C3CNc4cc(Br)ccc4N3C2=S)cc1C(F)(F)F,1,test
N#Cc1ccc(N2C(=O)C3CCc4ccccc4N3C2=S)cc1C(F)(F)F,1,test
CC1(Cn2cc(F)cn2)OC(=O)N(c2ccc(C#N)c(C(F)(F)F)c2)C1=O,1,test
CC1(C)C(=O)N(c2ccc(C#N)c(C(F)(F)F)c2)C(=S)N1CCCC(N)=O,1,test
CC1(C)C(=O)N(c2ccc(C#N)c(C(F)(F)F)c2)C(=S)N1CCCC(=O)O,1,test
CC1(C)C(=O)N(c2ccc(C#N)c(C(F)(F)F)c2)C(=S)N1CCCCS(N)(=O)=O,1,test
CC1(C)C(=O)N(c2ccc(C#N)c(C(F)(F)F)c2)C(=S)N1CCCNC(N)=O,1,test
CC1(C)C(=O)N(c2ccc(C#N)c(C(F)(F)F)c2)C(=S)N1CCCNS(N)(=O)=O,1,test
CC1(C)C(=O)N(c2ccc(C#N)c(C(F)(F)F)c2)C(=S)N1CCCS(N)(=O)=O,1,test
CN(C)S(=O)(=O)CCCN1C(=S)N(c2ccc(C#N)c(C(F)(F)F)c2)C(=O)C1(C)C,1,test
CNS(=O)(=O)CCCN1C(=S)N(c2ccc(C#N)c(C(F)(F)F)c2)C(=O)C1(C)C,1,test
CC1(C)C(=O)N(c2ccc(C#N)c(C(F)(F)F)c2)C(=S)N1CCS(N)(=O)=O,1,test
CC1(C)C(=O)N(c2ccc(C#N)c(C(F)(F)F)c2)C(=S)N1c1ccc2c(c1)CCOC2=O,1,test
CN1Cc2cc(N3C(=S)N(c4ccc(C#N)c(C(F)(F)F)c4)C(=O)C3(C)C)ccc2C1=O,1,test
CC1(C)C(=O)N(c2ccc(C#N)c(C(F)(F)F)c2)C(=S)N1c1ccc2c(c1)COC2=O,1,test
CC1(C)C(=O)N(c2ccc(C#N)c(C(F)(F)F)c2)C(=S)N1c1cccc(S(N)(=O)=O)c1,1,test
CC1(C)C(=O)N(c2ccc(C#N)c(C(F)(F)F)c2)C(=S)N1c1cccc(S(N)(=O)=O)n1,1,test
CC1(C)C(=O)N(c2ccc(C#N)c(C(F)(F)F)c2)C(=S)N1c1ccccc1,1,test
CC1(C)C(=O)N(c2ccc(C#N)c(C(F)(F)F)c2)C(=S)N1c1ccnc(S(N)(=O)=O)c1,1,test
CC1(C)C(=O)N(c2ccc(C#N)c(C(F)(F)F)c2)C(=S)N1c1cnc2c(c1)COC2=O,1,test
CC1(C)C(=O)N(c2ccc(C#N)c(C(F)(F)F)c2)C(=S)N1c1cncc(S(N)(=O)=O)c1,1,test
N#Cc1ccc(N2C(=O)C3(CC3)N(c3ccc4c(c3)COC4=O)C2=S)cc1C(F)(F)F,1,test
N#Cc1ccc(N2C(=O)C3(CCC3)N(c3ccc4c(c3)COC4=O)C2=S)cc1C(F)(F)F,1,test
N#Cc1ccc(N2C(=O)C3(CCCC3)N(c3ccc4c(c3)CCOC4=O)C2=S)cc1C(F)(F)F,1,test
N#Cc1ccc(N2C(=O)C3(CCCC3)N(c3ccc4c(c3)COC4=O)C2=S)cc1C(F)(F)F,1,test
N#Cc1ccc(N2C(=O)C3(CCCCC3)N(c3ccc4c(c3)COC4=O)C2=S)cc1C(F)(F)F,1,test
N#Cc1ccc(N2C(=O)C3(CCCOC3)N(c3ccc4c(c3)COC4=O)C2=S)cc1C(F)(F)F,1,test
N#Cc1ccc(N2C(=O)C3(CCOC3)N(c3ccc4c(c3)COC4=O)C2=S)cc1C(F)(F)F,1,test
N#Cc1ccc(N2C3CCC2CC(=O)C3)cc1C(F)(F)F,1,test
CC1(O)CC2CCC(C1)N2c1ccc(C#N)c(C(F)(F)F)c1,1,test
N#Cc1ccc(N2C3CCC2CC(NCc2ccccc2)C3)cc1C(F)(F)F,1,train
CS(=O)(=O)NC1CC2CCC(C1)N2c1ccc(C#N)c(C(F)(F)F)c1,1,test
CCS(=O)(=O)NC1CC2CCC(C1)N2c1ccc(C#N)c(C(F)(F)F)c1,1,test
N#Cc1ccc(N2C3CCC2CC(O)C3)cc1C(F)(F)F,1,test
CC1CN(c2ccc(C#N)c(C(F)(F)F)c2)C(C)CN1C(=O)Nc1ccc(F)cc1F,1,train
CC1CN(c2ccc(C#N)c(C(F)(F)F)c2)C(C)CN1C(=O)Nc1ccc(C(F)(F)F)nc1,1,train
CC(O)(CN(c1ccccc1)c1ccc(F)cc1)C(=O)Nc1ccc(C#N)c(C(F)(F)F)c1,1,train
CC(O)(CN1CCOCC1)C(=O)Nc1ccc(C#N)c(C(F)(F)F)c1,1,train
CC(O)(CN1CCc2cc(F)c(F)cc21)C(=O)Nc1ccc(C#N)c(C(F)(F)F)c1,1,train
CC(O)(CN1CCc2ccc(F)cc21)C(=O)Nc1ccc(C#N)c(C(F)(F)F)c1,1,train
CC(O)(CN1CCc2ccccc21)C(=O)Nc1ccc(C#N)c(C(F)(F)F)c1,1,train
CC(O)(CN1CCc2c(F)cccc21)C(=O)Nc1ccc(C#N)c(C(F)(F)F)c1,1,train
CC(O)(Cc1nc2cc(F)c(F)cc2[nH]1)C(=O)Nc1ccc(C#N)c(C(F)(F)F)c1,1,train
CC(O)(Cn1c2ccc(F)cc2c2cc(F)ccc21)C(=O)Nc1ccc(C#N)c(C(F)(F)F)c1,1,train
CC(O)(Cn1c2ccccc2c2cc(F)ccc21)C(=O)Nc1ccc(C#N)c(C(F)(F)F)c1,1,train
CC(O)(Cn1c2ccccc2c2ccccc21)C(=O)Nc1ccc(C#N)c(C(F)(F)F)c1,1,train
CC(O)(Cn1cc(Cl)c(Br)n1)C(=O)Nc1ccc(C#N)c(C(F)(F)F)c1,1,train
Cc1cn(CC(C)(O)C(=O)Nc2ccc(C#N)c(C(F)(F)F)c2)nc1Cl,1,train
CC(O)(Cn1cc(Br)c(F)n1)C(=O)Nc1ccc(C#N)c(C(F)(F)F)c1,1,train
Cc1cn(CC(C)(O)C(=O)Nc2ccc(C#N)c(C(F)(F)F)c2)c2ccc(F)cc12,1,train
CC(=O)NN=Cc1cn(CC(C)(O)C(=O)Nc2ccc(C#N)c(C(F)(F)F)c2)c2ccc(F)cc12,1,train
CC(O)(Cn1cc(Cl)c2cc(F)ccc21)C(=O)Nc1ccc(C#N)c(C(F)(F)F)c1,1,train
CC(O)(Cn1cc(F)c2cc(F)ccc21)C(=O)Nc1ccc(C#N)c(C(F)(F)F)c1,1,train
CC(O)(Cn1cc([N+](=O)[O-])c2cc(F)ccc21)C(=O)Nc1ccc(C#N)c(C(F)(F)F)c1,1,train
CC(O)(Cn1cc(F)c2ccccc21)C(=O)Nc1ccc(C#N)c(C(F)(F)F)c1,1,train
CC(O)(Cn1ccc(-c2ccc(F)cc2)c1)C(=O)Nc1ccc(C#N)c(C(F)(F)F)c1,1,train
CC(O)(Cn1ccc(C(F)(F)F)n1)C(=O)Nc1ccc(C#N)c(C(F)(F)F)c1,1,train
CC(O)(Cn1ccc(F)n1)C(=O)Nc1ccc(C#N)c(C(F)(F)F)c1,1,train
CC(O)(Cn1ccc(-c2ccc(F)cc2)n1)C(=O)Nc1ccc(C#N)c(C(F)(F)F)c1,1,train
CC(O)(Cn1ccc(-c2ccccc2)n1)C(=O)Nc1ccc(C#N)c(C(F)(F)F)c1,1,train
CC(O)(Cn1ccc2ccc(F)cc21)C(=O)Nc1ccc(C#N)c(C(F)(F)F)c1,1,train
CC(O)(Cn1ccc2cc(F)c(-c3ccccc3)cc21)C(=O)Nc1ccc(C#N)c(C(F)(F)F)c1,1,train
CC(O)(Cn1ccc2ccc([N+](=O)[O-])cc21)C(=O)Nc1ccc(C#N)c(C(F)(F)F)c1,1,train
CC(O)(Cn1ccc2c(F)cc(-c3ccc(F)cc3)cc21)C(=O)Nc1ccc(C#N)c(C(F)(F)F)c1,1,train
CC(O)(Cn1ccc2cc(Br)ccc21)C(=O)Nc1ccc(C#N)c(C(F)(F)F)c1,1,train
CC(O)(Cn1ccc2cc(F)ccc21)C(=O)Nc1ccc(C#N)c(C(F)(F)F)c1,1,train
CC(O)(Cn1ccc2cc(I)ccc21)C(=O)Nc1ccc(C#N)c(C(F)(F)F)c1,1,train
CC(O)(Cn1ccc2cc([N+](=O)[O-])ccc21)C(=O)Nc1ccc(C#N)c(C(F)(F)F)c1,1,train
CC(O)(Cn1ccc2c(F)c(-c3ccccc3)ccc21)C(=O)Nc1ccc(C#N)c(C(F)(F)F)c1,1,train
CC(O)(Cn1ccc2ccccc21)C(=O)Nc1ccc(C#N)c(C(F)(F)F)c1,1,train
CC(O)(Cn1ccc2c(F)cccc21)C(=O)Nc1ccc(C#N)c(C(F)(F)F)c1,1,train
CC(O)(Cn1cccn1)C(=O)Nc1ccc(C#N)c(C(F)(F)F)c1,1,train
CC(O)(Cn1cnc(C(F)(F)F)n1)C(=O)Nc1ccc(C#N)c(C(F)(F)F)c1,1,train
CC(O)(Cn1cnc2cccc(F)c21)C(=O)Nc1ccc(C#N)c(C(F)(F)F)c1,1,train
CC(O)(Cn1cnc2cccc(C(F)(F)F)c21)C(=O)Nc1ccc(C#N)c(C(F)(F)F)c1,1,train
CC(O)(Cn1cnc2cc(F)c(F)cc21)C(=O)Nc1ccc(C#N)c(C(F)(F)F)c1,1,train
CC(O)(Cn1cnc2c(F)cccc21)C(=O)Nc1ccc(C#N)c(C(F)(F)F)c1,1,train
CC(O)(Cn1cncc1Br)C(=O)Nc1ccc(C#N)c(C(F)(F)F)c1,1,train
CC(O)(Cn1cncn1)C(=O)Nc1ccc(C#N)c(C(F)(F)F)c1,1,train
CC(O)(Cn1cc(-c2ccc(F)cc2)c(F)n1)C(=O)Nc1ccc(C#N)c(C(F)(F)F)c1,1,train
CC(O)(Cn1nc(Cl)c2cc(F)ccc21)C(=O)Nc1ccc(C#N)c(C(F)(F)F)c1,1,train
CC(O)(Cn1nc(F)c2cc(F)ccc21)C(=O)Nc1ccc(C#N)c(C(F)(F)F)c1,1,train
CC(O)(Cn1nc(Cl)c2c(C(F)(F)F)cccc21)C(=O)Nc1ccc(C#N)c(C(F)(F)F)c1,1,train
CC(O)(Cn1cc2c(C(F)(F)F)cccc2n1)C(=O)Nc1ccc(C#N)c(C(F)(F)F)c1,1,train
CC(O)(Cn1nc2ccc(F)cc2n1)C(=O)Nc1ccc(C#N)c(C(F)(F)F)c1,1,train
CC(O)(Cn1cc(Br)cn1)C(=O)Nc1ccc(C#N)c(C(F)(F)F)c1,1,train
CC(=O)c1cnn(CC(C)(O)C(=O)Nc2ccc(C#N)c(C(F)(F)F)c2)c1,1,train
CC(O)(Cn1cc(C(F)(F)F)cn1)C(=O)Nc1ccc(C#N)c(C(F)(F)F)c1,1,train
Cc1cnn(CC(C)(O)C(=O)Nc2ccc(C#N)c(C(F)(F)F)c2)c1,1,train
CC(O)(Cn1cc(Cl)cn1)C(=O)Nc1ccc(C#N)c(C(F)(F)F)c1,1,train
CC(O)(Cn1cc(F)cn1)C(=O)Nc1ccc(C#N)c(C(F)(F)F)c1,1,train
CC(Cn1cc(F)cn1)C(=O)Nc1ccc(C#N)c(C(F)(F)F)c1,1,train
CC(O)(Cn1cc(I)cn1)C(=O)Nc1ccc(C#N)c(C(F)(F)F)c1,1,train
CC(O)(Cn1cc([N+](=O)[O-])cn1)C(=O)Nc1ccc(C#N)c(C(F)(F)F)c1,1,train
CC(O)(Cn1cc(-c2ccc(F)cc2)cn1)C(=O)Nc1ccc(C#N)c(C(F)(F)F)c1,1,train
CC(C)(C)OC(=O)Nc1ccc(-c2cnn(CC(C)(O)C(=O)Nc3ccc(C#N)c(C(F)(F)F)c3)c2)cc1,1,train
CC(O)(Cn1cc(-c2ccccc2)cn1)C(=O)Nc1ccc(C#N)c(C(F)(F)F)c1,1,train
CC(O)(Cn1ncc2c(C(F)(F)F)cccc21)C(=O)Nc1ccc(C#N)c(C(F)(F)F)c1,1,train
CC(O)(Cn1ncc2c(F)cccc21)C(=O)Nc1ccc(C#N)c(C(F)(F)F)c1,1,train
CC(O)(Cn1cc(-c2ccc(F)cc2)nn1)C(=O)Nc1ccc(C#N)c(C(F)(F)F)c1,1,train
CC(O)(Cn1nnc2ccc(F)cc21)C(=O)Nc1ccc(C#N)c(C(F)(F)F)c1,1,train
CC(O)(Cn1nnc2cc(Br)ccc21)C(=O)Nc1ccc(C#N)c(C(F)(F)F)c1,1,train
CC(O)(Cn1nnc2cc(F)ccc21)C(=O)Nc1ccc(C#N)c(C(F)(F)F)c1,1,train
CC(O)(Cn1nncc1-c1ccc(F)cc1)C(=O)Nc1ccc(C#N)c(C(F)(F)F)c1,1,train
N#Cc1ccc(NC(=O)CCn2cc(F)cn2)cc1C(F)(F)F,1,train
N#Cc1ccc(NC(=O)CS(=O)(=O)c2ccc(F)cc2)cc1C(F)(F)F,1,train
CC(=O)CN1CC(C)(C)C(Oc2ccc(C#N)c(C(F)(F)F)c2)C1=O,1,test
CC1(C)CN(Cc2ccccc2)C(=O)C1Oc1ccc(C#N)c(C(F)(F)F)c1,1,test
CC1(C)CN(Cc2ccccc2F)C(=O)C1Oc1ccc(C#N)c(C(F)(F)F)c1,1,train
Cc1nnc(CN2CC(C)(C)C(Oc3ccc(C#N)c(C(F)(F)F)c3)C2=O)o1,1,train
CC1(C)CN(Cc2nnc(-c3ccccc3)o2)C(=O)C1Oc1ccc(C#N)c(C(F)(F)F)c1,1,train
CC1(C)CNC(=O)C1Oc1ccc(C#N)c(C(F)(F)F)c1,1,test
CC(=O)NC1C(C)(C)C(Oc2ccc(C#N)c(C(F)(F)F)c2)C1(C)C,1,train
Cc1cc(C)c(Oc2ccc(C#N)c(C(F)(F)F)c2)c(C)c1,1,train
Cc1cccc(C)c1Oc1ccc(C#N)c(C(F)(F)F)c1,1,train
Cc1ccc(O)c(Oc2ccc(C#N)c(C(F)(F)F)c2)c1,1,train
N#Cc1ccc(Oc2ccc(F)cc2F)cc1C(F)(F)F,1,train
Cc1ccccc1Oc1ccc(C#N)c(C(F)(F)F)c1,1,train
N#Cc1ccc(Oc2ccccc2O)cc1C(F)(F)F,1,train
CC(C)Sc1ccc(C#N)c(C(F)(F)F)c1,1,train
N#Cc1ccc(SC2CCC2)cc1C(F)(F)F,1,train
N#Cc1ccc(SCC2CC2)cc1C(F)(F)F,1,train
N#Cc1ccc(SCC2CCC2)cc1C(F)(F)F,1,train
Cc1ccccc1Sc1ccc(C#N)c(C(F)(F)F)c1,1,train
N#Cc1ccc(Sc2ccccc2F)cc1C(F)(F)F,1,train
N#Cc1ccc(-c2ccccc2O)cc1C(F)(F)F,1,train
CC(C)n1c(=O)n(-c2ccc(C#N)c(C(F)(F)F)c2)c2ccccc21,1,test
CC(c1ccccc1)n1c(=O)n(-c2ccc(C#N)c(C(F)(F)F)c2)c2ccccc21,1,test
CCn1c(=O)n(-c2ccc(C#N)c(C(F)(F)F)c2)c2ccccc21,1,test
N#Cc1ccc(-n2c(=O)n(Cc3ccccc3)c3ccccc32)cc1C(F)(F)F,1,train
N#Cc1ccc(-n2c(=O)n(Cc3ccccn3)c3ccccc32)cc1C(F)(F)F,1,train
N#Cc1ccc(-n2c(=O)n(Cc3cccnc3)c3ccccc32)cc1C(F)(F)F,1,train
N#Cc1ccc(-n2c(=O)n(Cc3ccccc3)c3ncccc32)cc1C(F)(F)F,1,train
N#Cc1ccc(-n2c(=O)n(Cc3ccccc3)c3cccnc32)cc1C(F)(F)F,1,train
Cc1cn(-c2ccc(C#N)c(C(F)(F)F)c2)nc1CNC(=O)c1ccc(F)cc1,1,train
N#Cc1ccc(-n2ccc(CC(=O)Nc3ccc(F)c(F)c3)n2)cc1C(F)(F)F,1,train
Cc1ccc(NC(=O)Cc2ccn(-c3ccc(C#N)c(C(F)(F)F)c3)n2)cc1,1,train
N#Cc1ccc(-n2ccc(CC(=O)Nc3ccc([N+](=O)[O-])cc3)n2)cc1C(F)(F)F,1,train
N#Cc1ccc(-n2ccc(CC(=O)Nc3ccc(F)cn3)n2)cc1C(F)(F)F,1,train
N#Cc1ccc(-n2ccc(CNC(=O)c3ccc(Cl)cc3)n2)cc1C(F)(F)F,1,train
N#Cc1ccc(-n2ccc(CNC(=O)c3ccc(F)cc3)n2)cc1C(F)(F)F,1,train
N#Cc1ccc(-n2ccc(CNC(=O)c3ccc([N+](=O)[O-])cc3)n2)cc1C(F)(F)F,1,train
N#Cc1ccc(-n2ccc(CNC(=O)c3ccc(F)cn3)n2)cc1C(F)(F)F,1,train
N#Cc1ccc(-n2ccc(CNC(=O)c3ccc(F)nc3)n2)cc1C(F)(F)F,1,train
Cc1cn(-c2ccc(C#N)c(C(F)(F)F)c2)nc1CNC(=O)c1ccc([N+](=O)[O-])cc1,1,train
Cc1cc(N2C(=O)C(C)(C)N(CCCS(N)(=O)=O)C2=S)ccc1C#N,1,train
COc1nc(C2=NN(c3ccc(C#N)c(C)c3)C(C3CCCC3)C2)ccc1C(N)=O,1,train
CC(=O)NC1C(C)(C)C(Oc2ccc(C#N)c(C)c2)C1(C)C,1,train
CC1(C)C(=O)N(c2ccc(C#N)c(Cl)c2)C(=S)N1CCCS(N)(=O)=O,1,train
CC1(C)C(=O)N(c2ccc(C#N)c(Cl)c2)C(=S)N1c1cccc(S(N)(=O)=O)c1,1,train
CC1(C)C(=O)N(c2ccc(C#N)c(Cl)c2)C(=S)N1c1cccc(S(N)(=O)=O)n1,1,train
CC1(C)C(=O)N(c2ccc(C#N)c(Cl)c2)C(=S)N1c1cncc(S(N)(=O)=O)c1,1,train
N#Cc1ccc(N2C3CCC2CC(O)C3)cc1Cl,1,test
N#Cc1ccc(N2CCC(O)(Cc3ccccc3)C2)cc1Cl,1,test
N#Cc1ccc(N2CCC(O)(c3ccc(F)cc3)C2)cc1Cl,1,test
N#Cc1ccc(N2CCC(O)(c3ccccc3)C2)cc1Cl,1,test
N#Cc1ccc(N2CCC(O)C2)cc1Cl,0,test
CC1N(c2ccc(C#N)c(Cl)c2)CCC1(O)c1ccc(C(N)=O)cc1,1,train
CC1N(c2ccc(C#N)c(Cl)c2)CCC1(O)c1ccc(C(=O)N(C)C)nc1,1,train
CC1N(c2ccc(C#N)c(Cl)c2)CCC1(O)c1ccc(N2CCCC2=O)nc1,1,train
CC(O)(CN1CCc2cc(F)c(F)cc21)C(=O)Nc1ccc(C#N)c(Cl)c1,1,train
CC(O)(CN1CCc2ccc(F)cc21)C(=O)Nc1ccc(C#N)c(Cl)c1,1,train
CC(O)(CN1CCc2cc(F)c(-c3ccccc3)cc21)C(=O)Nc1ccc(C#N)c(Cl)c1,1,train
CC(O)(CN1CCc2cc(Br)ccc21)C(=O)Nc1ccc(C#N)c(Cl)c1,1,train
CC(O)(CN1CCc2cc(F)ccc21)C(=O)Nc1ccc(C#N)c(Cl)c1,1,train
CC(O)(CN1CCc2c(F)cccc21)C(=O)Nc1ccc(C#N)c(Cl)c1,1,train
CC(O)(Cn1c2ccccc2c2cc(F)ccc21)C(=O)Nc1ccc(C#N)c(Cl)c1,1,train
CC(O)(Cn1c2ccccc2c2ccccc21)C(=O)Nc1ccc(C#N)c(Cl)c1,1,train
CC(O)(Cn1cc(-c2ccccc2)c2cc(F)ccc21)C(=O)Nc1ccc(C#N)c(Cl)c1,1,train
CC(O)(Cn1cc(F)c2ccccc21)C(=O)Nc1ccc(C#N)c(Cl)c1,1,train
CC(O)(Cn1ccc2cccc(F)c21)C(=O)Nc1ccc(C#N)c(Cl)c1,1,train
CC(O)(Cn1ccc2ccc(F)cc21)C(=O)Nc1ccc(C#N)c(Cl)c1,1,train
CC(O)(Cn1ccc2cc(F)c(-c3ccccc3)cc21)C(=O)Nc1ccc(C#N)c(Cl)c1,1,train
CC(O)(Cn1ccc2cc(F)ccc21)C(=O)Nc1ccc(C#N)c(Cl)c1,1,train
CC(O)(Cn1ccc2c(F)cccc21)C(=O)Nc1ccc(C#N)c(Cl)c1,1,train
CC(O)(Cn1cnc2c(F)cccc21)C(=O)Nc1ccc(C#N)c(Cl)c1,1,train
CC(O)(Cn1ccnc1)C(=O)Nc1ccc(C#N)c(Cl)c1,1,train
CC(O)(Cn1nc(Cl)c2cc(F)ccc21)C(=O)Nc1ccc(C#N)c(Cl)c1,1,train
CC(O)(Cn1cc(F)cn1)C(=O)Nc1ccc(C#N)c(Cl)c1,1,train
CC(=O)NC1C(C)(C)C(Oc2ccc(C#N)c(Cl)c2)C1(C)C,1,train
Cc1nc2ncccn2c1C(=O)NC1C(C)(C)C(Oc2ccc(C#N)c(Cl)c2)C1(C)C,1,train
CC1(C)C(NC(=O)c2cn[nH]c2)C(C)(C)C1Oc1ccc(C#N)c(Cl)c1,1,train
CN(C)C(=O)Cn1ccc(C(=O)NC2C(C)(C)C(Oc3ccc(C#N)c(Cl)c3)C2(C)C)n1,1,train
CC1(C)C(NC(=O)c2cnc3ncccn23)C(C)(C)C1Oc1ccc(C#N)c(Cl)c1,1,train
CC1(C)C(NC(=O)c2cnccn2)C(C)(C)C1Oc1ccc(C#N)c(Cl)c1,1,train
Cn1cc(C(=O)NC2C(C)(C)C(Oc3ccc(C#N)c(Cl)c3)C2(C)C)cn1,1,train
CC1(C)C(NC(=O)c2cc[nH]n2)C(C)(C)C1Oc1ccc(C#N)c(Cl)c1,1,train
Cc1cc(C(=O)NC2C(C)(C)C(Oc3ccc(C#N)c(Cl)c3)C2(C)C)nn1C,1,train
Cc1nnc(C(=O)NC2C(C)(C)C(Oc3ccc(C#N)c(Cl)c3)C2(C)C)o1,1,train
Cc1ccccc1Oc1ccc(C#N)c(Cl)c1,1,train
CC(Cn1ccc(-c2ccc(C#N)c(Cl)c2)n1)NC(=O)c1cc(C(C)O)[nH]n1,1,train
N#Cc1ccc(-n2c(=O)n(Cc3nc(-c4ccccn4)no3)c3ccccc32)cc1Cl,1,train
N#Cc1ccc(-n2ccc(CC(=O)Nc3ccc(F)cc3)n2)cc1Cl,1,train
N#Cc1ccc(-n2ccc(CC(=O)Nc3ccc(F)cn3)n2)cc1Cl,1,train
CC12CCC(C)(O1)C1C(=O)N(c3ccc(C#N)c(I)c3)C(=O)C12,1,test
CC12CC(O)C(C)(O1)C1C(=O)N(c3ccc(C#N)c(I)c3)C(=O)C12,1,test
CN(CC(C)(O)C(=O)Nc1ccc(C#N)c(C(F)(F)F)c1)c1ccc(C#N)c(-c2ccccc2)c1,1,train
COc1nc(C2=NN(c3ccc(C#N)c(C)n3)C(C3CCCC3)C2)ccc1C(N)=O,1,train
COc1nc(C2=NN(c3ccc(C#N)c(C)n3)C(C3CCCC3)C2)ccc1C(=O)O,1,train
CC(=O)NC1C(C)(C)C(Oc2ccc(C#N)c(C)n2)C1(C)C,1,train
Cc1nc(OC2C(C)(C)C(NC(=O)c3cnc4ncccn34)C2(C)C)ccc1C#N,1,train
CC(O)(Cn1ccc2nc(C#N)ccc21)C(=O)Nc1ccc(C#N)c(C(F)(F)F)c1,1,train
CC(O)(CCOc1ccc(F)cc1)C(=O)N1CCc2c(C#N)cccc21,0,train
CC(O)(COc1ccc(Br)cc1)C(=O)N1CCc2c(C#N)cccc21,0,train
CC(O)(COc1ccc(C(F)(F)F)cc1)C(=O)N1CCc2c(C#N)cccc21,0,train
CC(O)(COc1ccc(Cl)cc1)C(=O)N1CCc2c(C#N)cccc21,0,train
CC(O)(COc1ccc(F)cc1)C(=O)N1CCc2c(C#N)cccc21,0,train
CC(O)(COc1ccc(-c2cocn2)cc1)C(=O)N1CCc2c(C#N)cccc21,0,train
CC(O)(COc1ccc(F)cc1Br)C(=O)N1CCc2c(C#N)cccc21,0,train
Cc1cc(F)ccc1OCC(C)(O)C(=O)N1CCc2c(C#N)cccc21,0,train
CC(O)(COc1ccc(Cl)cc1Cl)C(=O)N1CCc2c(C#N)cccc21,0,train
CC(O)(COc1ccc(Br)cc1F)C(=O)N1CCc2c(C#N)cccc21,0,train
CC(O)(COc1ccc(Cl)cc1F)C(=O)N1CCc2c(C#N)cccc21,0,train
CC(O)(COc1cccc(Cl)c1)C(=O)N1CCc2c(C#N)cccc21,0,train
CC(O)(COc1cccc(F)c1)C(=O)N1CCc2c(C#N)cccc21,0,train
CC(O)(COc1ccccc1)C(=O)N1CCc2c(C#N)cccc21,0,train
CC(O)(COc1ccccc1C(F)(F)F)C(=O)N1CCc2c(C#N)cccc21,0,train
CC(O)(COc1ccccc1Cl)C(=O)N1CCc2c(C#N)cccc21,0,train
CC(O)(COc1ccccc1F)C(=O)N1CCc2c(C#N)cccc21,0,train
CC(O)(COc1ccccc1C#N)C(=O)N1CCc2c(C#N)cccc21,0,train
Cc1c(-c2ccc(C#N)cc2)c(C#N)cn1Cc1cnc(Cl)c(CO)c1,1,train
CC(O)(Cn1cc(C#N)c2cc(F)ccc21)C(=O)Nc1ccc(C#N)c(C(F)(F)F)c1,1,train
CC(O)(Cn1cc(C#N)c2cc(F)ccc21)C(=O)Nc1cnc(C#N)c(C(F)(F)F)c1,1,train
CC(O)(Cn1cc(C#N)c(Br)n1)C(=O)Nc1ccc(C#N)c(C(F)(F)F)c1,1,train
CC(O)(Cn1cc(C#N)c(Br)n1)C(=O)Nc1cnc(C#N)c(C(F)(F)F)c1,1,train
CC(c1ccccc1)N(C)c1cc(C(F)(F)F)c(C#N)cn1,1,train
CC(O)(Cn1cc(C#N)cn1)C(=O)Nc1ccc(C#N)c(C(F)(F)F)c1,1,train
CC(O)(Cn1cc(C#N)cn1)C(=O)Nc1cnc(C#N)c(C(F)(F)F)c1,1,train
CC1(C)C(=O)N(c2cnc(C#N)c(C(F)(F)F)c2)C(=S)N1c1ccc2c(c1)COC2=O,1,train
N#Cc1ncc(N2C(=O)C3(CCC3)N(c3ccc(CN4CCNCC4)cc3)C2=S)cc1C(F)(F)F,1,train
N#Cc1ncc(N2C(=O)C3(CCC3)N(c3ccc(O)cc3)C2=S)cc1C(F)(F)F,1,train
CN1CCC(Oc2ccc(N3C(=S)N(c4cnc(C#N)c(C(F)(F)F)c4)C(=O)C34CCC4)cc2)CC1,1,train
N#Cc1ncc(N2C(=O)C3(CCC3)N(c3ccc(OC4CCNCC4)cc3)C2=S)cc1C(F)(F)F,1,train
N#Cc1ncc(N2C(=O)C3(CCC3)N(c3ccc(O)nc3)C2=S)cc1C(F)(F)F,1,train
CN1CCC(Oc2ccc(N3C(=S)N(c4cnc(C#N)c(C(F)(F)F)c4)C(=O)C34CCC4)cn2)CC1,1,train
N#Cc1ncc(N2C(=O)C3(CCC3)N(c3ccc(OC4CCNCC4)nc3)C2=S)cc1C(F)(F)F,1,train
CN1CCC(Oc2ncc(N3C(=S)N(c4cnc(C#N)c(C(F)(F)F)c4)C(=O)C34CCC4)cn2)CC1,1,train
N#Cc1ncc(N2C(=O)C3(CCC3)N(c3cnc(OC4CCNCC4)nc3)C2=S)cc1C(F)(F)F,1,train
N#Cc1ncc(N2C(=O)C3(CCCC3)N(c3ccc4c(c3)COC4=O)C2=S)cc1C(F)(F)F,1,train
N#Cc1ncc(N2C(=O)C3(CCCC3)N(c3cnc4c(c3)COC4=O)C2=S)cc1C(F)(F)F,1,train
N#Cc1ncc(N2C(=O)C3(CCCCC3)N(c3ccc4c(c3)COC4=O)C2=S)cc1C(F)(F)F,1,train
N#Cc1ncc(N2C(=O)C3(CCOC3)N(c3ccc4c(c3)COC4=O)C2=S)cc1C(F)(F)F,1,train
CN1C(=S)N(c2cnc(C#N)c(C(F)(F)F)c2)C(=O)C12Cc1ccc(OC3CCNCC3)cc1C2,1,train
CC(O)(Cn1cc(Br)c(F)n1)C(=O)Nc1cnc(C#N)c(C(F)(F)F)c1,1,train
CC(O)(Cn1ccc2cc(F)ccc21)C(=O)Nc1cnc(C#N)c(C(F)(F)F)c1,1,train
CC(O)(Cn1nc(Br)c2cc(F)ccc21)C(=O)Nc1cnc(C#N)c(C(F)(F)F)c1,1,train
Cc1nn(CC(C)(O)C(=O)Nc2cnc(C#N)c(C(F)(F)F)c2)c2ccc(F)cc12,1,train
CC(O)(Cn1nc(Cl)c2cc(F)ccc21)C(=O)Nc1cnc(C#N)c(C(F)(F)F)c1,1,train
CC(O)(Cn1nc(F)c2cc(F)ccc21)C(=O)Nc1cnc(C#N)c(C(F)(F)F)c1,1,train
CC(O)(Cn1nc(I)c2cc(F)ccc21)C(=O)Nc1cnc(C#N)c(C(F)(F)F)c1,1,train
CC(O)(Cn1nc(Cl)c2c(C(F)(F)F)cccc21)C(=O)Nc1cnc(C#N)c(C(F)(F)F)c1,1,train
CC(O)(Cn1cc(C(F)(F)F)cn1)C(=O)Nc1cnc(C#N)c(C(F)(F)F)c1,1,train
CC(O)(Cn1cc(F)cn1)C(=O)Nc1cnc(C#N)c(C(F)(F)F)c1,1,train
CC(C)(C)OC(=O)Nc1cnn(CC(C)(O)C(=O)Nc2cnc(C#N)c(C(F)(F)F)c2)c1,1,train
CC(O)(Cn1cc(-c2ccc(F)cc2)nn1)C(=O)Nc1cnc(C#N)c(C(F)(F)F)c1,1,train
Cc1cc(N2C(=O)C3(CCC3)N(c3ccc(OC4CCNCC4)nc3)C2=S)cnc1C#N,1,train
CC12CCC(C)(O1)C1C(=O)N(c3cnc(C#N)c(Cl)c3)C(=O)C12,1,test
N#Cc1ncc(N2C(=O)C3(CCC3)N(c3ccc(OC4CCNCC4)nc3)C2=S)cc1Cl,1,train
CC(O)(Cn1cc(-c2ccccc2)c(C#N)n1)C(=O)Nc1cnc(C#N)c(C(F)(F)F)c1,1,train
N#Cc1sc2c(=O)c3ccccc3c(=O)c=2sc1C#N,1,train
N=C(NCCCCCCNC(=N)NC(=N)Nc1ccc(Cl)cc1)NC(=N)Nc1ccc(Cl)cc1,0,train
N=C(Nc1ccc(I)cc1)NC12CC3CC(CC(C3)C1)C2,1,train
N=C(Nc1ccccc1)Nc1ccccc1,1,train
N=C(N)NN=C(C=Cc1ccc([N+](=O)[O-])o1)C=Cc1ccc([N+](=O)[O-])o1,1,train
CC12CCC3C(C(CCCCCCCC(N)=O)CC4CC(=O)CCC43C)C1CCC2O,1,train
NC(=O)c1ccc(-c2cc(=O)c3c(O)cccc3o2)cc1,1,train
CC(C)CC1NC(=O)C(CCCN)NC(=O)C(C(C)C)NC(=O)C(Cc2ccc(O)cc2)NC(=O)C(CCC(=O)O)NC(=O)C(CC(=O)O)NC(=O)C(Cc2ccccc2)NC(=O)C(Cc2ccccc2)NC(=O)C2CCCN2C(=O)C(Cc2ccccc2)NC1=O,1,train
CC(C)CC1NC(=O)C(CCCN)NC(=O)C(C(C)C)NC(=O)C2CCCN2C(=O)C(Cc2ccccc2)NC(=O)C(CC(C)C)NC(=O)C(CCCN)NC(=O)C(C(C)C)NC(=O)C2CCCN2C(=O)C(Cc2ccccc2)NC1=O,1,train
NCCNCCN,0,train
NS(=O)(=O)c1cccc2cc(SCCOc3ccccc3)[nH]c12,1,train
Nc1ccc(C(=O)Nc2ccccc2N)cc1,0,train
CC(O)(CCc1ccc(N)cc1)C(=O)Nc1ccc([N+](=O)[O-])c(C(F)(F)F)c1,1,train
Nc1ccc(-c2cc(=O)c3c(O)cccc3o2)cc1,1,train
Nc1ccc(-c2ccc(N)c(Cl)c2)cc1Cl,1,train
Nc1ccc2nc(O)cc(C(F)(F)F)c2c1,1,test
Nc1ccccc1Cc1n[nH]c(=O)c2ccccc12,1,train
CC1(C)CCc2cc3c(C(F)(F)F)cc(N)nc3cc2N1,1,test
c1ccc(-c2csc(N3CCOCC3)n2)cc1,1,train
CC(C)C(=O)OCC(=O)C12OC(C3CCCCC3)OC1CC1C3CCC4=CC(=O)C=CC4(C)C3C(O)CC12C,0,train
CC(O)(CS(=O)(=O)c1cc(C(F)(F)F)cc(C(F)(F)F)c1)C(=O)Nc1ccc([N+](=O)[O-])c(C(F)(F)F)c1,1,train
CC(O)(CSc1cc(C(F)(F)F)cc(C(F)(F)F)c1)C(=O)Nc1ccc([N+](=O)[O-])c(C(F)(F)F)c1,1,train
CC(C)(O)C(=O)Nc1ccc([N+](=O)[O-])c(C(F)(F)F)c1,0,train
CC(C)(O)C(=O)Nc1ccc([N+](=O)[O-])c(C(F)(F)F)c1O,1,train
CN1C(=O)C(F)=CC2(C)C3CCC4(C)C(C(=O)NCc5nc6cccnc6[nH]5)CCC4C3CCC12,0,train
CC(C)(C)C(=O)OCOC(=O)C1N2C(=O)CC2S(=O)(=O)C1(C)C,1,train
O=C(Cc1ccn(-c2ccc([N+](=O)[O-])c(C(F)(F)F)c2)n1)Nc1ccc(F)cc1,1,train
O=C(Cc1ccn(-c2ccc([N+](=O)[O-])c(C(F)(F)F)c2)n1)Nc1ccc(F)nc1,1,train
NC(CCC(=O)NC(CSSCC(NC(=O)CCC(N)C(=O)O)C(=O)NCC(=O)O)C(=O)NCC(=O)O)C(=O)O,0,train
O=C(Cc1ccn(-c2ccc([N+](=O)[O-])c(C(F)(F)F)c2)n1)Nc1ccc(F)cn1,1,train
CC(=O)CC(=O)Nc1ccccc1,0,train
CC12CCC3C4CCC(=O)C(O)=C4CCC3C1CCC2OC(=O)CCC1CCCC1,0,train
CC12CCC3C4CCC(=O)C=C4CCC3C1CCC2OC(=O)CCc1ccccc1,0,train
CC12CCC(=O)C=C1CCC1C2CCC2(C)C(OC(=O)CCc3ccccc3)CCC12,0,train
O=C(NCCN1CCOCC1)c1ccc(Cl)cc1,0,train
O=C(c1ccc(N(Cc2ccccc2)c2ccc([N+](=O)[O-])cc2)cc1)N1CCCC1,1,train
O=C(c1cccc(N(Cc2ccccc2)c2ccc([N+](=O)[O-])cc2)c1)N1CCCC1,1,train
Cc1cc(=O)[nH]c2ccc3c4c(C(=O)OC(C)(C)C)cccc4oc(=O)c3c12,0,train
Nc1ccccc1C(=O)OCCc1ccccc1,0,train
O=C(Oc1ccccc1)c1ccccc1O,0,train
CC12CCC(NC(=O)c3ccncc3)CC1=CCC1C2CCC2(C)C(n3cnc4ccccc43)=CCC12,1,train
CC12CCC(NC(=O)c3ccncc3)CC1=CCC1C2CCC2(C)C(n3ccnc3)=CCC12,1,train
CC12CCC(NC(=O)c3ccnnc3)CC1=CCC1C2CCC2(C)C(n3cnc4ccccc43)=CCC12,1,train
CC12CCC(NC(=O)c3ccnnc3)CC1=CCC1C2CCC2(C)C(n3ccnc3)=CCC12,1,train
CC12CCC(NC(=O)c3ccnnc3)CC1=CCC1C2CCC2(C)C(n3ccnn3)=CCC12,1,train
O=C1C(Cl)=C(Cl)C(=O)c2ccccc21,1,train
CN1C(=O)C(F)=CC2(C)C3CCC4(C)C(O)C(=Cc5cncnc5)CC4C3CCC12,0,test
CC12CCC(C)(O1)C1C(=O)N(c3cc(Cl)cc(Cl)c3)C(=O)C12,1,test
O=C1C2C3CCC(O3)C2C(=O)N1c1ccc(Br)c2ccccc12,1,train
CC(C)(C)OC(=O)N1CC2CC1C1C(=O)N(c3ccc([N+](=O)[O-])c4ccccc34)C(=O)N21,1,train
O=C1C=C2C=CC3CC2(O1)C1CCCCN31,1,train
C=C1CC2C(CCC3(C)C(=O)CCC23)C2(C)C=CC(=O)C=C12,0,train
CC1CC2C3CC(F)C4=CC(=O)C=CC4(C)C3(Cl)C(O)CC2(C)C1C(=O)COC(=O)C(C)(C)C,0,train
CC1CC2C3CC(F)C4=CC(=O)C=CC4(C)C3(F)C(O)CC2(C)C1(O)C(=O)COC(=O)C(C)(C)C,0,test
CC12CCC3C(CCC4=CC(=O)C=CC43C)C1CCC(=O)O2,0,train
CC12C=CC(=O)C=C1CCC1C2CCC2(C)C1CCC2(C)O,0,train
CN1C(=O)C=CC2(C)C3CCC4(C)C(O)C(=Cc5ccccc5)CC4C3CCC12,0,test
CN1C(=O)C=CC2(C)C3CCC4(C)C(O)C(=Cc5cccnc5)CC4C3CCC12,0,test
CN1C(=O)C=CC2(C)C3CCC4(C)C(O)C(=Cc5ccncc5)CC4C3CCC12,0,test
Cc1ncc(C=C2CC3C4CCC5N(C)C(=O)C=CC5(C)C4CCC3(C)C2O)cn1,0,test
CN1C(=O)C=CC2(C)C3CCC4(C)C(O)C(=Cc5cnc(C6CC6)nc5)CC4C3CCC12,0,test
CN1C(=O)C=CC2(C)C3CCC4(C)C(O)C(=Cc5cncnc5)CC4C3CCC12,0,test
CN1C(=O)C=CC2(C)C3CCC4(C)C(O)CCC4C3CCC12,0,train
CC(=O)C1CCC2C3CC(C)C4=CC(=O)CCC4(C)C3C(O)CC12C,0,train
CC(=O)CC1(C(C)=O)CCC2C3CC(C)C4=CC(=O)CCC4(C)C3CCC21C,1,train
CC(=O)C1(O)CCC2C3CC(C)C4=CC(=O)CCC4(C)C3CCC21C,0,train
CC12CCC(=O)C=C1C1CC1C1C2CCC2(C)C1C1CC1C21CCC(=O)O1,0,train
CC12CCC(=O)C=C1C=CC1C2CCC2(C)C1CCC21CCC(=O)O1,0,train
CC1(O)CCC2C3CCC4=CC(=O)CCC4(C)C3(F)C(O)CC21C,0,train
CC(=O)C1(O)CCC2C3CCC4=CC(=O)CCC4(C)C3(F)C(O)CC21C,0,test
CN(C)c1ccc(C2CC3(C)C(CCC3(O)C#CC(F)(F)F)C3CCC4=CC(=O)CCC4(C)C23)cc1,1,train
CN(C)c1ccc(C2CC3(C)C(CCC3(O)C#CC3CC3)C3CCC4=CC(=O)CCC4(C)C23)cc1,1,train
CC12CCC(=O)C=C1CCC1C2CCC2(C)C1CCC2(C)O,0,train
CC(=O)C1(O)CCC2C3CCC4=CC(=O)CCC4(C)C3CCC21C,0,train
CC12CCC3C(CCC4=CC(=O)CCC43C)C1CCC2=O,0,train
CC(=O)C1CCC2C3CCC4=CC(=O)CCC4(C)C3CCC12C,0,train
CC(C)(C)C(=O)OCC(=O)C1CCC2C3CCC4=CC(=O)CCC4(C)C3CCC12C,0,train
CC1(C2CCC3C4CCC5=CC(=O)CCC5(C)C4CCC32C)CC=CC(=O)N1,1,train
CC12CCC(=O)C(Cl)=C1CCC1C2CCC2(C)C(O)CCC12,0,train
CC12CCC3C(CCC4=C(O)C(=O)CCC43C)C1CCC2=O,0,train
CC1(C2CCC3C4CC=C5CC(=O)CCC5(C)C4CCC32C)CC=CC(=O)N1,1,train
CN(C)C(=O)CCCCCCC1CC2CC(=O)CCC2(C)C2CCC3(C)C(O)CCC3C12,1,train
CC(C)N(C)C(=O)CCCCCCCC1CC2CC(=O)CCC2(C)C2CCC3(C)C(O)CCC3C12,1,train
CN(C)C(=O)CCCCCCCC1CC2CC(=O)CCC2(C)C2CCC3(C)C(O)CCC3C12,1,train
CN(Cc1ccccc1)C(=O)CCCCCCCC1CC2CC(=O)CCC2(C)C2CCC3(C)C(O)CCC3C12,1,train
CC12CCC3C(C(CCCCCCCC(=O)N4CCCC4)CC4CC(=O)CCC43C)C1CCC2O,1,train
CC12CCC3C(C(CCCCCCCC(=O)N4CCCCC4)CC4CC(=O)CCC43C)C1CCC2O,1,train
CC12CCC3C(C(CCCCCCCC(=O)N4CCOCC4)CC4CC(=O)CCC43C)C1CCC2O,1,train
CC12CCC(=O)CC1CCC1C2CCC2(C)C1CCC2(C)O,0,train
CC12CCC3C(CCC4CC(=O)CCC43C)C1CCC2O,0,train
CN(C)c1ccc(C2CC3(C)C(CCC3(O)C#CC(C)(C)C)C3CCC4=CC(=O)CCC4=C23)cc1,1,test
CN(C)c1ccc(C2CC3(C)C(CCC3(O)C#CC(F)(F)F)C3CCC4=CC(=O)CCC4=C23)cc1,0,test
CC1(O)CCC2C3CCC4=CC(=O)CCC4=C3C=CC21C,0,test
CC12C=CC3=C4CCC(=O)C=C4CCC3C1CCC2O,0,test
CC(C)N(C)c1ccc(C2CC3(C)C(CCC3(O)C#CC(C)(C)C)C3CCC4=CC(=O)CCC4C23)cc1,1,test
CC(C)(C)C#CC1(O)CCC2C3CCC4=CC(=O)CCC4C3C(c3ccc(N4CCN(S(C)(=O)=O)CC4)cc3)CC21C,1,test
CC(C)(C)C#CC1(O)CCC2C3CCC4=CC(=O)CCC4C3C(c3ccc(N4CCOCC4)cc3)CC21C,1,test
CC12CCC3C4CCC(=O)C=C4CCC3C1CCC2O,0,train
CC12CCC(C)(O1)C1C(=O)N(c3c(N)ccc4ncsc34)C(=O)C12,1,train
CC12CCC(C)(O1)C1C(=O)N(c3c(N)ccc4nccn34)C(=O)C12,1,train
CC12CCC(C)(O1)C1C(=O)N(c3ccc([N+](=O)[O-])c4c(Br)cccc34)C(=O)C12,1,train
O=C1C2C3CCC(O3)C2C(=O)N1c1ccc(Cl)c(C(F)(F)F)c1,1,train
CC12CCC(C)(O1)C1C(=O)N(c3ccc([N+](=O)[O-])c(C(F)(F)F)c3)C(=O)C12,1,test
O=C1C2C3CCC(C3)C2C(=O)N1c1ccc([N+](=O)[O-])c(C(F)(F)F)c1,1,train
Cc1cc(N2C(=O)C3C4CCC(O4)C3C2=O)ccc1Cl,1,train
Cc1ccc(N2C(=O)C3C4CCC(O4)C3C2=O)cc1Cl,1,train
O=C1C2C3CCC(O3)C2C(=O)N1c1ccc(Cl)c(Cl)c1,1,train
O=C1C2C3CCC(O3)C2C(=O)N1c1ccc(I)c(Cl)c1,1,train
O=C1C2C3CCC(O3)C2C(=O)N1c1ccc(Cl)c([N+](=O)[O-])c1,1,train
CC(C)(C)OC(=O)N1CC2CC1C1C(=O)N(c3ccc([N+](=O)[O-])cc3)C(=O)N21,1,train
CC12CCC(C)(O1)C1C(=O)N(c3cccc(C(F)(F)F)c3)C(=O)C12,1,test
CC12CCC(O1)C1C(=O)N(c3cccc(C(F)(F)F)c3)C(=O)C12,1,test
O=C1C2C3CCC(C3)C2C(=O)N1c1cccc(C(F)(F)F)c1,1,train
O=C1C2C3CCC(C3)N2C(=O)N1c1cccc(C(F)(F)F)c1,1,train
O=C1C2CCCN2C(=O)N1c1ccc([N+](=O)[O-])c2ccccc12,0,train
Cc1c2oc3c(C)ccc(C(=O)NC4C(=O)NC(C(C)C)C(=O)N5CCCC5C(=O)N(C)CC(=O)N(C)C(C(C)C)C(=O)OC4C)c3nc-2c(C(=O)NC2C(=O)NC(C(C)C)C(=O)N3CCCC3C(=O)N(C)CC(=O)N(C)C(C(C)C)C(=O)OC2C)c(N)c1=O,1,train
CC12C(=O)OC(=O)C1(C)C1CCC2O1,1,train
CC1(c2ccc(Oc3ccccc3)cc2)OC(=O)N(Nc2ccccc2)C1=O,1,train
CC(=Cc1csc(C)n1)C1CC2OC2(C)CCCC(C)C(O)C(C)C(=O)C(C)(C)C(O)CC(=O)O1,1,train
CC1CCC2C(C)C(=O)OC3OC4(C)CCC1C32OO4,1,train
CC(C)c1ccc2c(c1O)CCC1C3=C(CCC21C)C(=O)OC3,1,train
Cc1ccc2c(c1[N+](=O)[O-])C(=O)c1ccccc1C2=O,1,train
O=CC=C(c1ccccc1)c1ccccc1,1,train
O=CNC(N1CCN(C(NC=O)C(Cl)(Cl)Cl)CC1)C(Cl)(Cl)Cl,1,train
CCN(CC)CCNc1ccc(CNC=O)c2sc3ccc(OC)cc3c(=O)c12,0,train
O=Cc1c2ccccc2c(Cl)c2ccccc12,0,train
COc1cc(C=O)cc2c1C(COC(N)=O)C1(OC(C)=O)ON2CC2C1N2C(C)=O,1,train
O=Cc1ccccc1C=O,0,train
CC(O)(Cn1cc(C=O)c2cc(F)ccc21)C(=O)Nc1cnc(C#N)c(C(F)(F)F)c1,1,train
CC(O)(Cn1nc(C=O)c2cc(F)ccc21)C(=O)Nc1cnc(C#N)c(C(F)(F)F)c1,1,train
CN(C)c1ccc(N=O)cc1,0,train
O=S(=O)(Cc1ccccc1)Nc1ccc(OCc2ccccc2)cc1,1,train
O=S(=O)(Nc1ccc(Oc2ccccc2)cc1)c1cccc(C(F)(F)F)c1,1,train
O=S(=O)(Nc1ccc(OCc2ccccc2)cc1)c1ccccc1,1,train
CC12CCC3c4ccc(O)cc4CC(CCCCCCCCCS(=O)CCCC(F)(F)C(F)(F)F)C3C1CCC2O,1,train
Cc1cc2c(C(F)(F)F)cc(=O)[nH]c2cc1N,1,train
O=c1cc(C(F)(F)F)c2ccc(NCC(F)(F)C(F)(F)F)cc2[nH]1,1,train
O=c1cc(C(F)(F)F)c2cc3c(cc2[nH]1)OCC(CC(F)(F)F)N3CC(F)(F)F,0,train
CN1CCOc2cc3[nH]c(=O)cc(C(F)(F)F)c3cc21,0,train
O=c1cc(C(F)(F)F)c2cc3c(cc2[nH]1)OCCN3,1,train
CC(N(CC(F)(F)F)c1ccc2[nH]c(=O)cc(C(F)(F)F)c2c1)C(F)(F)F,0,train
O=c1cc(C(F)(F)F)c2cc(N(CC(F)(F)F)CC(F)(F)C(F)(F)F)ccc2[nH]1,0,train
CC(C)(C)CN(CC(F)(F)F)c1ccc2[nH]c(=O)cc(C(F)(F)F)c2c1,0,train
CC(C)(C)CCN(CC(F)(F)F)c1ccc2[nH]c(=O)cc(C(F)(F)F)c2c1,0,train
O=c1cc(C(F)(F)F)c2cc(N(CCC(F)(F)F)CC(F)(F)F)ccc2[nH]1,0,train
O=c1cc(C(F)(F)F)c2cc(N(Cc3cccs3)CC(F)(F)F)ccc2[nH]1,0,train
CC1CCC(C(O)C(F)(F)F)N1c1ccc2[nH]c(=O)cc(C(F)(F)F)c2c1,0,train
O=c1cc(C(F)(F)F)c2c3c(ccc2[nH]1)-c1c(O)cccc1OC3,0,train
O=c1[nH]nc(Cc2ccccc2[N+](=O)[O-])c2ccccc12,1,train
CC(C)(C)c1ccc(CSc2cnn(C(C)(C)C)c(=O)c2Cl)cc1,1,train
O=c1cc(Br)c2cc(N(CC(F)(F)F)CC(F)(F)F)ccc2[nH]1,0,train
Cc1cc(=O)[nH]c2ccc(N(CC(F)(F)F)CC(F)(F)F)cc12,0,train
O=c1cc(Cl)c2cc(N(CC(F)(F)F)CC(F)(F)F)ccc2[nH]1,0,train
O=c1cc(C(F)(F)F)c2ccc(NC3CCC3)cc2[nH]1,1,train
O=c1cc(C(F)(F)F)c2ccc(NC3CCCC3)cc2[nH]1,1,train
O=c1cc(C(F)(F)F)c2ccc(NC3CCCCC3)cc2[nH]1,1,train
CC(C)(C)CNc1ccc2c(C(F)(F)F)cc(=O)[nH]c2c1,1,train
O=c1cc(C(F)(F)F)c2ccc(NCc3ccccc3)cc2[nH]1,1,train
O=c1cc(C(F)(F)F)c2cc3c(cc2[nH]1)OCC(Cc1ccccc1)N3CC(F)(F)F,1,train
CC(C)(C)N1CCOc2cc3[nH]c(=O)cc(C(F)(F)F)c3cc21,0,train
O=c1cc(C(F)(F)F)c2cc3c(cc2[nH]1)OCCN3CC(F)(F)F,0,train
O=c1cc(C(F)(F)F)c2cc3c(cc2[nH]1)OCCN3CC1CC1,0,train
O=c1cc(C(F)(F)F)c2cc3c(cc2[nH]1)OCCN3Cc1ccccc1,1,train
O=c1cc(C(F)(F)F)c2cc3c(cc2[nH]1)OCC1CCCN31,0,train
O=c1cc(C(F)(F)F)c2cc3c(cc2[nH]1)OCC1CCCCN31,0,train
O=c1cc(C(F)(F)F)c2cc(N(CC(F)(F)F)CC(F)(F)F)ccc2[nH]1,0,train
O=c1cc(C(F)(F)F)c2cc(N(Cc3ccccc3)CC(F)(F)F)ccc2[nH]1,0,train
O=c1cc(C(F)(F)F)c2cc(N3CCCC3)ccc2[nH]1,1,train
O=c1cc(C(F)(F)F)c2cc(NC3CCCC3)ccc2[nH]1,1,train
CC(C)(C)CNc1ccc2[nH]c(=O)cc(C(F)(F)F)c2c1,1,train
O=c1cc(C(F)(F)F)c2c3c(ccc2[nH]1)NC(c1ccccc1)CO3,1,train
O=c1cc(C(F)(F)F)c2c3c(ccc2[nH]1)N(CC(F)(F)F)C(Cc1ccccc1)CO3,0,train
O=c1cc(C(F)(F)F)c2c3c(ccc2[nH]1)N(CC(F)(F)F)C(c1ccccc1)CO3,1,train
O=c1cc(C(F)(F)F)c2c3c(ccc2[nH]1)NCCO3,1,train
O=c1cc(C(F)(F)F)c2c3c(ccc2[nH]1)N(CC(F)(F)F)CCO3,0,train
O=c1cc(C(F)(F)F)c2c3c(ccc2[nH]1)-c1ccccc1CO3,0,train
O=c1cc(C(F)(F)F)c2c(ccc3c2oc(=O)c2cccc(O)c23)[nH]1,0,train
Cn1c(=O)cc(C(F)(F)F)c2cc3c(cc21)NC1CCCCC31C,0,test
Cn1c(=O)cc(C(F)(F)F)c2cc3c(cc21)NCC3,1,test
O=c1cc(-c2ccc(C(F)(F)F)cc2)oc2cccc(O)c12,1,train
Cc1oc(=O)oc1CN1CCN(c2cc3c(cc2F)c(=O)c(C(=O)O)c2n3C(C)S2)CC1,0,train
CC1(C)CCc2cc3c(C(F)(F)F)cc(=O)oc3cc2N1,0,test
CC1CCNc2cc3oc(=O)cc(C(F)(F)F)c3cc21,0,test
O=c1cc(C(F)(F)F)c2cc3c(cc2o1)NCCC3C(F)(F)F,0,test
O=c1cc(C(F)(F)F)c2cc3c(cc2o1)NCCC3,0,train
NC(Cc1ccc(O)c(O)c1)C(=O)O,0,train
CC1(C)C(C(=O)O)N2C(=O)CC2S1(=O)=O,1,train
O=C(O)C=Cc1ccc(O)c(O)c1,0,train
CC1CCC2C(C)C(OC(=O)CCC(=O)O)OC3OC4(C)CCC1C32OO4,1,train
CC12C=CC(=O)C=C1CCC1C2C(O)CC2(C)C1CCC2(O)C(=O)COC(=O)CCC(=O)O,0,test
CC12CCC3C(C(CCCCCCCC(=O)O)CC4CC(=O)CCC43C)C1CCC2O,1,train
CC12CCC(=O)C=C1CC(CCCCCCCCCC(=O)O)C1C2CCC2(C)C1CCC2(C)O,1,train
CC12CCC3C(C(CCCCCCCCCC(=O)O)CC4CC(=O)CCC43C)C1CCC2O,1,train
CC12CCC(=O)C=C1CC(CCCCc1ccc(OCCCCCC(=O)O)cc1)C1C2CCC2(C)C1CCC2(C)O,1,train
CC12CCC(=O)C=C1CC(CCCCc1cccc(OCCCCCC(=O)O)c1)C1C2CCC2(C)C1CCC2(C)O,1,train
CC12CCC(=O)C=C1CC(CCCc1ccc(OCCCCC(=O)O)cc1)C1C2CCC2(C)C1CCC2(C)O,1,train
CC12CCC(=O)C=C1CC(CCCCc1ccc(OCCCCC(=O)O)cc1)C1C2CCC2(C)C1CCC2(C)O,1,train
CC12CCC(=O)C=C1CC(CCCCc1cccc(OCCCCC(=O)O)c1)C1C2CCC2(C)C1CCC2(C)O,1,train
CC12CCC(=O)C=C1CC(CCCc1ccc(OCCCC(=O)O)cc1)C1C2CCC2(C)C1CCC2(C)O,1,train
CC12CCC(=O)C=C1CC(CCCCc1ccc(OCCCC(=O)O)cc1)C1C2CCC2(C)C1CCC2(C)O,1,train
CC12CCC(=O)C=C1CC(CCCc1cccc(OCCCC(=O)O)c1)C1C2CCC2(C)C1CCC2(C)O,1,train
CC12CCC(=O)C=C1CC(CCCCc1cccc(OCCCC(=O)O)c1)C1C2CCC2(C)C1CCC2(C)O,1,train
CC12CCC(=O)C=C1CC(CCCc1ccc(OCCC(=O)O)cc1)C1C2CCC2(C)C1CCC2(C)O,1,train
O=C(O)c1ccc(-n2nc(-c3ccccc3O)nc2-c2ccccc2O)cc1,1,train
CC1OC(OC2C=C3CCC4C(CCC5(C)C(c6ccc(=O)oc6)CCC45O)C3(C)CC2)C(O)C(O)C1O,1,train
O=C1C2CC(O)CN2C(=O)N1c1ccc([N+](=O)[O-])c2ccccc12,0,train
CC(=O)C1CCC2C3CC=C4CC(O)CCC4(C)C3CCC12C,1,train
CC1(C2CCC3C4CC=C5CC(O)CCC5(C)C4CCC32C)CC=CC(=O)N1,1,train
CC(=O)C1CCC2C3CCC4CC(O)CCC4(C)C3C(=O)CC12C,1,train
CC(=O)C1CCC2C3CCC4CC(O)CCC4(C)C3CCC12C,0,train
CC12CCC3C(CCC4CC5SC5CC43C)C1CCC2O,0,train
O=C1C2C(O)CCN2C(=O)N1c1ccc([N+](=O)[O-])c2ccccc12,0,train
Cc1c(N2C(=O)N3CCC(O)C3C2C(F)(F)F)ccc(C#N)c1Cl,0,train
CC1CCC2C(C)C(O)OC3OC4(C)CCC1C32OO4,1,train
CC12CC(=CO)C(=O)CC1CCC1C2CCC2(C)C1CCC2(C)O,0,train
CC1CC2C3CC(F)C4=CC(=O)C=CC4(C)C3(F)C(O)CC2(C)C1(O)C(=O)CO,0,test
CC1CC2C3CCC4=CC(=O)C=CC4(C)C3(Cl)C(O)CC2(C)C1(O)C(=O)CO,0,test
CC1CC2C3CCC4=CC(=O)C=CC4(C)C3(F)C(O)CC2(C)C1(O)C(=O)CO,0,test
CC12C=CC(=O)C=C1CCC1C2C(=O)CC2(C)C1CCC2(O)C(=O)CO,1,test
CC12CCC(=O)C=C1CCC1C3CCC(O)(C(=O)CO)C3(C)CC(O)C12F,0,test
CC1CC2C(C(O)CC3(C)C2CCC3(O)C(=O)CO)C2(C)C=CC(=O)C=C12,0,train
CC12C=CC(=O)C=C1C(F)CC1C2C(O)CC2(C)C1CCC2(O)C(=O)CO,0,train
CC12C=CC(=O)C=C1CCC1C2C(O)CC2(C)C1CCC2(O)C(=O)CO,0,test
CC12CCC(=O)C=C1CCC1C2CCC2(C)C1CCC2(O)C(=O)CO,0,train
CC1(C)OC2CC3C4CC(F)C5=CC(=O)C=CC5(C)C4(F)C(O)CC3(C)C2(C(=O)CO)O1,0,train
CC1(C)OC2CC3C4CCC5=CC(=O)C=CC5(C)C4(F)C(O)CC3(C)C2(C(=O)CO)O1,0,test
CC1(C)OC2CC3C4CC(F)C5=CC(=O)C=CC5(C)C4C(O)CC3(C)C2(C(=O)CO)O1,0,train
CC1(C)OC2CC3C4CC(F)C5=CC(=O)CCC5(C)C4C(O)CC3(C)C2(C(=O)CO)O1,0,train
CC1(C)OC2CC3C4CCC5=CC(=O)C=CC5(C)C4C(O)CC3(C)C2(C(=O)CO)O1,0,train
CC1CC2C3CCC4=CC(=O)C=CC4(C)C3(F)C(O)CC2(C)C1C(=O)CO,0,test
CC12CCC(=O)C=C1CCC1C2C(O)CC2(C)C(C(=O)CO)CCC12,0,train
CC12CCC(=O)C=C1CCC1C2CCC2(C)C(C(=O)CO)CCC12,0,train
OCC(O)C(O)C(OC1OC(CO)C(O)C(O)C1O)C(O)CO,0,train
CCC(CC)(c1ccc(NCC(O)CO)c(C)c1)c1ccc(OCC(=O)C(C)(C)C)c(C)c1,1,train
CCC(CC)(c1ccc(NCC(O)CO)c(C)c1)c1ccc(OCC(O)C(C)(C)C)c(C)c1,1,train
CC(C)(c1ccc(OCC(O)CO)cc1)c1ccc(OCC(O)CCl)cc1,1,train
CCC(CC)(c1ccc(OCC(=O)C(C)(C)C)c(C)c1)c1ccc(OCC(O)CO)c(C)c1,1,train
CCC(CC)(c1ccc(OCC(O)CO)c(C)c1)c1ccc(OCC(O)C(C)(C)C)c(C)c1,1,train
CC1(C)CN(C(C)(C)CO)C(=O)C1Oc1ccc(C#N)c(C(F)(F)F)c1,1,test
CC12OC(CC1(O)CO)n1c3ccccc3c3c4c(c5c6ccccc6n2c5c31)CNC4=O,1,train
CC1CCC(CO)N1c1ccc2[nH]c(=O)cc(C(F)(F)F)c2c1,0,train
CN1N=C(N)c2cn(C3OC(CO)C(O)C3O)c3ncnc1c23,1,train
Nc1ccn(C2OC(CO)C(O)C2O)c(=O)n1,1,train
Nc1ncn(C2OC(CO)C(O)C2O)c(=O)n1,1,train
CC(=O)OC1CC(OC2C(O)CC(OC3C(O)CC(OC4CCC5(C)C(CCC6C5CC(O)C5(C)C(C7=CC(=O)OC7)CCC65O)C4)OC3C)OC2C)OC(C)C1OC1OC(CO)C(O)C(O)C1O,1,train
CC(=O)OC1CC(OC2C(O)CC(OC3C(O)CC(OC4CCC5(C)C(CCC6C5CCC5(C)C(C7=CC(=O)OC7)CCC65O)C4)OC3C)OC2C)OC(C)C1OC1OC(CO)C(O)C(O)C1O,1,train
OCC1OC(OC2C(CO)OC(OC3C(CO)OC(O)C(O)C3O)C(O)C2O)C(O)C(O)C1O,0,train
CNC1CC(N)C(O)C(OC2OC(CO)C(O)C3OC4(OC(C(N)CO)C(O)C(O)C4O)OC23)C1O,1,train
O=c1ccc2cc(OC3OC(CO)C(O)C(O)C3O)c(O)cc2o1,0,train
CC1(C)C(=O)N(c2ccc(C#N)c(C(F)(F)F)c2)C(=O)N1CCCCO,1,test
O=c1cc(C(F)(F)F)c2cc(N(CCO)CC(F)(F)F)ccc2[nH]1,0,train
CC1(C)CN(CCO)C(=O)C1Oc1ccc(C#N)c(C(F)(F)F)c1,1,test
Cn1cnc2c(F)c(Nc3ccc(Br)cc3Cl)c(C(=O)NOCCO)cc21,1,train
CC(C)(C)CC(C)(C)c1ccc(OCCO)cc1,1,train
CC1(C)C(NC(=O)c2ccn(CCO)n2)C(C)(C)C1Oc1ccc(C#N)c(Cl)c1,1,train
CC1(C)C(NC(=O)c2cnn(CCO)c2)C(C)(C)C1Oc1ccc(C#N)c(Cl)c1,1,train
Cn1cc(N(Cc2ccccc2)c2ccc([N+](=O)[O-])cc2)cc1CO,1,train
Cc1cc(C)cc(N(Cc2ccc(CO)cc2)c2cc(C(=O)N3CCCC3)n(C)c2)c1,1,train
Cn1cc(N(Cc2ccc(CO)cc2)c2ccc([N+](=O)[O-])cc2)cc1C(=O)N1CCCC1,1,train
Cc1cc(=O)[nH]c2ccc3c(c12)COc1cccc(CO)c1-3,0,train
C#CC1(OC(C)=O)CCC2C3CCC4=CC(=NO)CCC4C3CCC21CC,0,train
C#CC1(O)CCC2C3CCC4=CC(=NO)CCC4C3CCC21CC,0,train
CC(O)(Cn1cc(C=NO)c2cc(F)ccc21)C(=O)Nc1ccc(C#N)c(C(F)(F)F)c1,1,train
CC(O)(Cn1cc(C=NO)c2cc(F)ccc21)C(=O)Nc1cnc(C#N)c(C(F)(F)F)c1,1,train
CC1=CC(C)(C)Nc2cc3nc(O)cc(C)c3cc21,1,train
CC1=CC(C)(C)Nc2c1cc1c(C(F)(F)F)cc(O)nc1c2C,1,train
Cc1c2c(cc3c(C(F)(F)F)cc(O)nc13)C(C)CC(C)(C)N2,1,test
Oc1ccc(C2(c3ccc(O)cc3)c3ccccc3-c3ccccc32)cc1,1,train
Oc1ccc(C=Cc2cc(O)cc(O)c2)cc1,0,train
Cn1cc(N(Cc2ccc(O)cc2)c2ccc([N+](=O)[O-])cc2)cc1C(=O)N1CCCC1,1,train
O=[N+]([O-])c1ccc(O)cc1,0,train
O=c1cc(-c2ccc(O)cc2)oc2cccc(O)c12,1,train
O=C1CC(c2ccccc2)Oc2ccc(O)cc21,1,train
CC12CCC3C(=CCc4cc(O)ccc43)C1CCC2=O,0,train
CC12CCC3c4ccc(O)cc4CCC3C1CCC2=O,0,train
CC12CCC3c4ccc(O)cc4CCC3C1CCC2O,0,train
Oc1ccc2c(c1)OCO2,0,train
Oc1ccc2c(O)ncc(-c3cc(F)c(F)c(F)c3)c2c1,1,train
O=c1cc(-c2ccccc2)oc2cccc(O)c12,1,train
CC1Nc2cc3nc(O)cc(C(F)(F)F)c3cc2C1C,0,test
CC1=C(C)C(C)(C)Nc2cc3nc(O)cc(C(F)(F)F)c3cc21,1,test
CC1c2cc3c(C(F)(F)F)cc(O)nc3cc2NC(C)(C)C1(C)C,1,test
CC1c2cc3c(C(F)(F)F)cc(O)nc3cc2NC(C)(C)C1C,1,test
CC1(C)Cc2cc3c(C(F)(F)F)cc(O)nc3cc2NC1(C)C,1,test
CC1Cc2cc3c(C(F)(F)F)cc(O)nc3cc2NC1(C)C,1,test
CC1=CC(C)(C)Nc2cc3nc(O)cc(C(F)(F)F)c3cc21,1,test
CC1(C)C=Cc2cc3c(C(F)(F)F)cc(O)nc3cc2N1,1,test
CC1CC(C)(C)Nc2cc3nc(O)cc(C(F)(F)F)c3cc21,1,test
CC(C)C1CC(C)(C)Nc2cc3nc(O)cc(C(F)(F)F)c3cc21,1,test
CC1(C)CCc2cc3c(C(F)(F)F)cc(O)nc3cc2N1,1,test
CC1Nc2cc3nc(O)cc(C(F)(F)F)c3cc2CC1(C)C,1,test
Oc1cc(C(F)(F)F)c2cc3c(cc2n1)NC1(CCCCC1)CC3,1,test
CC12CCCCC1Nc1cc3nc(O)cc(C(F)(F)F)c3cc12,0,test
CC1(C)CCCC2(C)c3cc4c(C(F)(F)F)cc(O)nc4cc3NC12,1,test
Oc1cc(C(F)(F)F)c2cc3c(cc2n1)NC1CCCCC31,0,test
CC1(C)CCCC2c3cc4c(C(F)(F)F)cc(O)nc4cc3NC21,1,test
CC1CNc2cc3nc(O)cc(C(F)(F)F)c3cc21,0,test
Oc1cc(C(F)(F)F)c2cc3c(cc2n1)NCC1CCCC31,0,test
Oc1cc(C(F)(F)F)c2cc3c(cc2n1)NCC1CCCCC31,0,test
Oc1cc(C(F)(F)F)c2cc3c(cc2n1)NCCC3c1cc(C(F)(F)F)cc(C(F)(F)F)c1,1,test
CC1=CC(C)(C)N(C)c2cc3nc(O)cc(C(F)(F)F)c3cc21,1,test
CC12CCCN1c1cc3nc(O)cc(C(F)(F)F)c3cc1CC2,1,test
CN(C)c1ccc2nc(O)cc(C(F)(F)F)c2c1,1,test
Oc1cc(C(F)(F)F)c2cc(N(CC3CC3)CC(F)(F)F)ccc2n1,0,train
Oc1cc(C(F)(F)F)c2cc(N(CC3CC3)CC3CC3)ccc2n1,0,train
O=[N+]([O-])c1cc(C(F)(F)F)c(Cl)c([N+](=O)[O-])c1Cl,1,train
O=[N+]([O-])c1cc(C(F)(F)F)cc([N+](=O)[O-])c1Cl,0,train
O=[N+]([O-])c1cc([N+](=O)[O-])c2ccccc2c1,1,train
O=[N+]([O-])c1ccc(N2CCCC2)c2ccccc12,0,train
Cn1cc(N(Cc2ccccc2)c2ccc([N+](=O)[O-])cc2)cc1C(N)=O,1,train
Cn1cc(N(Cc2ccccc2)c2ccc([N+](=O)[O-])cc2)cc1C(=O)O,1,train
O=[N+]([O-])c1ccc(Oc2ccc([N+](=O)[O-])cc2)cc1,1,train
O=c1cc(-c2ccc([N+](=O)[O-])cc2)oc2cccc(O)c12,1,train
Cc1cc(-c2ccc([N+](=O)[O-])cc2)c(C)n1Cc1ccccc1,1,train
O=[N+]([O-])c1cccc(S(=O)(=O)Nc2ccc(OCc3ccccc3)cc2)c1,1,train
O=[N+]([O-])c1ccccc1S(=O)(=O)Nc1ccc(OCc2ccccc2)cc1,1,train
CC12CCC3C(C(CCCCCCCCC[S+]([O-])CCCC(F)(F)C(F)(F)F)CC4CC(=O)CCC43C)C1CCC2O,1,train
C[S+]([O-])c1cc(C(F)(F)F)c2cc3c(cc2n1)NC(C)(C)CC3,1,test
[O-][n+]1ccccc1SSc1cccc[n+]1[O-],0,train
c1cc2ccc3ccc4ccc5cccc6c(c1)c2c3c4c56,0,train
c1ccc(C2Nc3ccc4ccccc4c3C3C4CCC(C4)C23)cc1,1,train
c1cnc2c(c1)ccc1cccnc12,1,train
